banka_derguese,banka_pranuese,data_transaksionit,detajet_e_tjera_te_derguesit,detajet_e_tjera_te_perfituesit,id_i_llogarise_se_derguesit,id_i_llogarise_se_perfituesit,referenca_e_derguesit,shuma_e_transaksionit,tarifat_e_paleve_te_treta,valuta_e_transaksionit,transaction_type,day,month,year,dayofweek,hour,lokacioni_i_derguesit,lokacioni_i_perfituesit
Bank_9,Bank_1,2026-02-13 01:56:00,Sender details 0,Receiver details 0,SENDER_ACC_1076,RECEIVER_ACC_2034,REF_0,9990,199.8,EUR,transfer,13,2,2026,4,1,SY,AF
Bank_10,Bank_1,2026-02-06 03:54:00,Sender details 1,Receiver details 1,SENDER_ACC_1024,RECEIVER_ACC_2007,REF_1,9990,199.8,EUR,international,6,2,2026,4,3,SY,AF
Bank_8,Bank_8,2026-02-19 01:34:00,Sender details 2,Receiver details 2,SENDER_ACC_1063,RECEIVER_ACC_2087,REF_2,9800,196.0,EUR,transfer,19,2,2026,3,1,IR,SY
Bank_2,Bank_5,2026-02-04 01:16:00,Sender details 3,Receiver details 3,SENDER_ACC_1092,RECEIVER_ACC_2082,REF_3,9800,196.0,EUR,transfer,4,2,2026,2,1,SY,AF
Bank_1,Bank_10,2026-02-01 03:33:00,Sender details 4,Receiver details 4,SENDER_ACC_1097,RECEIVER_ACC_2049,REF_4,9500,190.0,EUR,transfer,1,2,2026,6,3,AF,IR
Bank_10,Bank_5,2026-02-09 03:01:00,Sender details 5,Receiver details 5,SENDER_ACC_1031,RECEIVER_ACC_2037,REF_5,9990,199.8,EUR,cash,9,2,2026,0,3,AF,IR
Bank_2,Bank_9,2026-02-18 03:37:00,Sender details 6,Receiver details 6,SENDER_ACC_1023,RECEIVER_ACC_2026,REF_6,9990,199.8,EUR,international,18,2,2026,2,3,IR,SY
Bank_5,Bank_2,2026-02-10 01:27:00,Sender details 7,Receiver details 7,SENDER_ACC_1062,RECEIVER_ACC_2029,REF_7,9800,196.0,EUR,international,10,2,2026,1,1,SY,AF
Bank_9,Bank_9,2026-02-09 01:50:00,Sender details 8,Receiver details 8,SENDER_ACC_1013,RECEIVER_ACC_2076,REF_8,9800,196.0,EUR,international,9,2,2026,0,1,IR,SY
Bank_2,Bank_4,2026-02-08 01:03:00,Sender details 9,Receiver details 9,SENDER_ACC_1037,RECEIVER_ACC_2060,REF_9,9800,196.0,EUR,cash,8,2,2026,6,1,AF,AF
Bank_3,Bank_2,2026-02-11 12:50:00,Sender details 10,Receiver details 10,SENDER_ACC_1065,RECEIVER_ACC_2028,REF_10,1351,27.02,EUR,transfer,11,2,2026,2,12,AL,FR
Bank_3,Bank_10,2026-02-05 18:19:00,Sender details 11,Receiver details 11,SENDER_ACC_1015,RECEIVER_ACC_2100,REF_11,1467,29.34,EUR,transfer,5,2,2026,3,18,IT,DE
Bank_6,Bank_6,2026-02-11 14:51:00,Sender details 12,Receiver details 12,SENDER_ACC_1044,RECEIVER_ACC_2018,REF_12,6217,124.34,EUR,cash,11,2,2026,2,14,DE,IT
Bank_3,Bank_2,2026-02-01 08:47:00,Sender details 13,Receiver details 13,SENDER_ACC_1094,RECEIVER_ACC_2045,REF_13,3537,70.74,EUR,transfer,1,2,2026,6,8,XK,AL
Bank_5,Bank_3,2026-02-01 12:24:00,Sender details 14,Receiver details 14,SENDER_ACC_1017,RECEIVER_ACC_2016,REF_14,3151,63.02,EUR,cash,1,2,2026,6,12,IT,FR
Bank_9,Bank_4,2026-02-12 08:41:00,Sender details 15,Receiver details 15,SENDER_ACC_1007,RECEIVER_ACC_2022,REF_15,6416,128.32,EUR,cash,12,2,2026,3,8,FR,IT
Bank_9,Bank_10,2026-02-14 15:26:00,Sender details 16,Receiver details 16,SENDER_ACC_1017,RECEIVER_ACC_2015,REF_16,5750,115.0,EUR,cash,14,2,2026,5,15,XK,DE
Bank_8,Bank_7,2026-02-11 18:01:00,Sender details 17,Receiver details 17,SENDER_ACC_1065,RECEIVER_ACC_2035,REF_17,2083,41.66,EUR,transfer,11,2,2026,2,18,AL,FR
Bank_10,Bank_6,2026-02-10 09:25:00,Sender details 18,Receiver details 18,SENDER_ACC_1024,RECEIVER_ACC_2001,REF_18,3094,61.88,EUR,transfer,10,2,2026,1,9,FR,XK
Bank_10,Bank_1,2026-02-10 11:54:00,Sender details 19,Receiver details 19,SENDER_ACC_1028,RECEIVER_ACC_2055,REF_19,4206,84.12,EUR,international,10,2,2026,1,11,IT,DE
Bank_4,Bank_7,2026-02-09 11:47:00,Sender details 20,Receiver details 20,SENDER_ACC_1087,RECEIVER_ACC_2083,REF_20,210,4.2,EUR,international,9,2,2026,0,11,DE,IT
Bank_1,Bank_1,2026-02-11 11:06:00,Sender details 21,Receiver details 21,SENDER_ACC_1098,RECEIVER_ACC_2054,REF_21,1097,21.94,EUR,international,11,2,2026,2,11,XK,DE
Bank_9,Bank_9,2026-02-01 15:25:00,Sender details 22,Receiver details 22,SENDER_ACC_1035,RECEIVER_ACC_2058,REF_22,3226,64.52,EUR,transfer,1,2,2026,6,15,AL,AL
Bank_5,Bank_3,2026-02-13 16:39:00,Sender details 23,Receiver details 23,SENDER_ACC_1017,RECEIVER_ACC_2100,REF_23,5222,104.44,EUR,cash,13,2,2026,4,16,DE,DE
Bank_6,Bank_8,2026-02-05 09:41:00,Sender details 24,Receiver details 24,SENDER_ACC_1087,RECEIVER_ACC_2086,REF_24,3999,79.98,EUR,cash,5,2,2026,3,9,XK,AL
Bank_8,Bank_5,2026-02-02 14:26:00,Sender details 25,Receiver details 25,SENDER_ACC_1061,RECEIVER_ACC_2092,REF_25,244,4.88,EUR,transfer,2,2,2026,0,14,XK,FR
Bank_1,Bank_9,2026-02-06 15:06:00,Sender details 26,Receiver details 26,SENDER_ACC_1057,RECEIVER_ACC_2041,REF_26,2273,45.46,EUR,transfer,6,2,2026,4,15,XK,IT
Bank_5,Bank_3,2026-02-08 09:09:00,Sender details 27,Receiver details 27,SENDER_ACC_1047,RECEIVER_ACC_2057,REF_27,2353,47.06,EUR,cash,8,2,2026,6,9,AL,AL
Bank_6,Bank_3,2026-02-06 09:01:00,Sender details 28,Receiver details 28,SENDER_ACC_1086,RECEIVER_ACC_2074,REF_28,1570,31.4,EUR,cash,6,2,2026,4,9,DE,IT
Bank_7,Bank_7,2026-02-05 17:49:00,Sender details 29,Receiver details 29,SENDER_ACC_1014,RECEIVER_ACC_2014,REF_29,1111,22.22,EUR,cash,5,2,2026,3,17,XK,IT
Bank_7,Bank_4,2026-02-15 11:53:00,Sender details 30,Receiver details 30,SENDER_ACC_1089,RECEIVER_ACC_2019,REF_30,1814,36.28,EUR,transfer,15,2,2026,6,11,AL,IT
Bank_7,Bank_4,2026-02-04 17:41:00,Sender details 31,Receiver details 31,SENDER_ACC_1038,RECEIVER_ACC_2098,REF_31,1860,37.2,EUR,international,4,2,2026,2,17,IT,XK
Bank_4,Bank_10,2026-02-03 17:24:00,Sender details 32,Receiver details 32,SENDER_ACC_1051,RECEIVER_ACC_2061,REF_32,2115,42.3,EUR,international,3,2,2026,1,17,FR,FR
Bank_7,Bank_2,2026-02-09 13:13:00,Sender details 33,Receiver details 33,SENDER_ACC_1091,RECEIVER_ACC_2017,REF_33,4672,93.44,EUR,transfer,9,2,2026,0,13,FR,XK
Bank_7,Bank_7,2026-02-12 12:18:00,Sender details 34,Receiver details 34,SENDER_ACC_1073,RECEIVER_ACC_2014,REF_34,6457,129.14,EUR,transfer,12,2,2026,3,12,IT,FR
Bank_2,Bank_2,2026-02-16 14:43:00,Sender details 35,Receiver details 35,SENDER_ACC_1045,RECEIVER_ACC_2087,REF_35,6350,127.0,EUR,cash,16,2,2026,0,14,DE,IT
Bank_1,Bank_10,2026-02-09 14:28:00,Sender details 36,Receiver details 36,SENDER_ACC_1010,RECEIVER_ACC_2090,REF_36,5092,101.84,EUR,transfer,9,2,2026,0,14,DE,IT
Bank_3,Bank_4,2026-02-07 12:18:00,Sender details 37,Receiver details 37,SENDER_ACC_1096,RECEIVER_ACC_2037,REF_37,1850,37.0,EUR,transfer,7,2,2026,5,12,DE,AL
Bank_1,Bank_5,2026-02-19 14:08:00,Sender details 38,Receiver details 38,SENDER_ACC_1069,RECEIVER_ACC_2072,REF_38,1932,38.64,EUR,international,19,2,2026,3,14,IT,XK
Bank_8,Bank_2,2026-02-08 18:08:00,Sender details 39,Receiver details 39,SENDER_ACC_1042,RECEIVER_ACC_2051,REF_39,1077,21.54,EUR,cash,8,2,2026,6,18,AL,XK
Bank_4,Bank_4,2026-02-19 09:35:00,Sender details 40,Receiver details 40,SENDER_ACC_1077,RECEIVER_ACC_2013,REF_40,4103,82.06,EUR,transfer,19,2,2026,3,9,IT,IT
Bank_10,Bank_3,2026-02-08 08:30:00,Sender details 41,Receiver details 41,SENDER_ACC_1045,RECEIVER_ACC_2030,REF_41,1943,38.86,EUR,cash,8,2,2026,6,8,IT,AL
Bank_2,Bank_3,2026-02-06 12:58:00,Sender details 42,Receiver details 42,SENDER_ACC_1064,RECEIVER_ACC_2092,REF_42,5903,118.06,EUR,international,6,2,2026,4,12,AL,FR
Bank_6,Bank_10,2026-02-14 12:37:00,Sender details 43,Receiver details 43,SENDER_ACC_1078,RECEIVER_ACC_2002,REF_43,1866,37.32,EUR,international,14,2,2026,5,12,AL,AL
Bank_9,Bank_7,2026-02-18 11:22:00,Sender details 44,Receiver details 44,SENDER_ACC_1027,RECEIVER_ACC_2077,REF_44,2428,48.56,EUR,transfer,18,2,2026,2,11,DE,IT
Bank_6,Bank_10,2026-02-02 14:49:00,Sender details 45,Receiver details 45,SENDER_ACC_1021,RECEIVER_ACC_2072,REF_45,345,6.9,EUR,cash,2,2,2026,0,14,AL,XK
Bank_5,Bank_5,2026-02-09 11:56:00,Sender details 46,Receiver details 46,SENDER_ACC_1079,RECEIVER_ACC_2035,REF_46,3261,65.22,EUR,cash,9,2,2026,0,11,FR,XK
Bank_7,Bank_6,2026-02-13 08:24:00,Sender details 47,Receiver details 47,SENDER_ACC_1020,RECEIVER_ACC_2040,REF_47,6672,133.44,EUR,cash,13,2,2026,4,8,IT,IT
Bank_8,Bank_3,2026-02-06 15:10:00,Sender details 48,Receiver details 48,SENDER_ACC_1037,RECEIVER_ACC_2000,REF_48,5778,115.56,EUR,international,6,2,2026,4,15,XK,FR
Bank_8,Bank_1,2026-02-09 18:41:00,Sender details 49,Receiver details 49,SENDER_ACC_1032,RECEIVER_ACC_2005,REF_49,4988,99.76,EUR,international,9,2,2026,0,18,XK,AL
Bank_5,Bank_1,2026-02-08 09:34:00,Sender details 50,Receiver details 50,SENDER_ACC_1016,RECEIVER_ACC_2001,REF_50,6019,120.38,EUR,international,8,2,2026,6,9,XK,XK
Bank_1,Bank_7,2026-02-13 18:50:00,Sender details 51,Receiver details 51,SENDER_ACC_1060,RECEIVER_ACC_2092,REF_51,2872,57.44,EUR,transfer,13,2,2026,4,18,FR,IT
Bank_2,Bank_5,2026-02-04 12:28:00,Sender details 52,Receiver details 52,SENDER_ACC_1028,RECEIVER_ACC_2018,REF_52,4721,94.42,EUR,international,4,2,2026,2,12,FR,AL
Bank_3,Bank_10,2026-02-21 18:00:00,Sender details 53,Receiver details 53,SENDER_ACC_1081,RECEIVER_ACC_2039,REF_53,1566,31.32,EUR,international,21,2,2026,5,18,XK,AL
Bank_9,Bank_9,2026-02-17 09:53:00,Sender details 54,Receiver details 54,SENDER_ACC_1002,RECEIVER_ACC_2026,REF_54,3571,71.42,EUR,international,17,2,2026,1,9,AL,IT
Bank_9,Bank_3,2026-02-21 16:32:00,Sender details 55,Receiver details 55,SENDER_ACC_1082,RECEIVER_ACC_2082,REF_55,2160,43.2,EUR,international,21,2,2026,5,16,FR,FR
Bank_3,Bank_2,2026-02-21 16:29:00,Sender details 56,Receiver details 56,SENDER_ACC_1008,RECEIVER_ACC_2004,REF_56,1636,32.72,EUR,international,21,2,2026,5,16,IT,DE
Bank_8,Bank_2,2026-02-11 18:09:00,Sender details 57,Receiver details 57,SENDER_ACC_1001,RECEIVER_ACC_2058,REF_57,2469,49.38,EUR,international,11,2,2026,2,18,XK,XK
Bank_9,Bank_9,2026-02-20 15:15:00,Sender details 58,Receiver details 58,SENDER_ACC_1051,RECEIVER_ACC_2064,REF_58,1392,27.84,EUR,international,20,2,2026,4,15,FR,AL
Bank_1,Bank_6,2026-02-14 11:03:00,Sender details 59,Receiver details 59,SENDER_ACC_1100,RECEIVER_ACC_2097,REF_59,5378,107.56,EUR,international,14,2,2026,5,11,AL,FR
Bank_6,Bank_5,2026-02-06 08:48:00,Sender details 60,Receiver details 60,SENDER_ACC_1000,RECEIVER_ACC_2008,REF_60,2228,44.56,EUR,cash,6,2,2026,4,8,DE,DE
Bank_5,Bank_4,2026-02-17 08:34:00,Sender details 61,Receiver details 61,SENDER_ACC_1077,RECEIVER_ACC_2005,REF_61,4088,81.76,EUR,international,17,2,2026,1,8,XK,DE
Bank_3,Bank_5,2026-02-18 10:07:00,Sender details 62,Receiver details 62,SENDER_ACC_1079,RECEIVER_ACC_2021,REF_62,3944,78.88,EUR,cash,18,2,2026,2,10,AL,FR
Bank_6,Bank_2,2026-02-10 18:23:00,Sender details 63,Receiver details 63,SENDER_ACC_1001,RECEIVER_ACC_2033,REF_63,5244,104.88,EUR,cash,10,2,2026,1,18,XK,IT
Bank_1,Bank_7,2026-02-14 10:51:00,Sender details 64,Receiver details 64,SENDER_ACC_1093,RECEIVER_ACC_2014,REF_64,2371,47.42,EUR,transfer,14,2,2026,5,10,DE,FR
Bank_1,Bank_5,2026-02-20 11:05:00,Sender details 65,Receiver details 65,SENDER_ACC_1062,RECEIVER_ACC_2032,REF_65,1905,38.1,EUR,international,20,2,2026,4,11,AL,AL
Bank_8,Bank_4,2026-02-21 14:31:00,Sender details 66,Receiver details 66,SENDER_ACC_1051,RECEIVER_ACC_2014,REF_66,1041,20.82,EUR,transfer,21,2,2026,5,14,AL,DE
Bank_5,Bank_3,2026-02-05 12:07:00,Sender details 67,Receiver details 67,SENDER_ACC_1035,RECEIVER_ACC_2021,REF_67,2073,41.46,EUR,international,5,2,2026,3,12,XK,IT
Bank_9,Bank_7,2026-02-05 11:18:00,Sender details 68,Receiver details 68,SENDER_ACC_1035,RECEIVER_ACC_2066,REF_68,5366,107.32,EUR,transfer,5,2,2026,3,11,IT,AL
Bank_2,Bank_7,2026-02-17 12:10:00,Sender details 69,Receiver details 69,SENDER_ACC_1025,RECEIVER_ACC_2020,REF_69,1664,33.28,EUR,international,17,2,2026,1,12,AL,DE
Bank_9,Bank_4,2026-02-09 15:45:00,Sender details 70,Receiver details 70,SENDER_ACC_1004,RECEIVER_ACC_2040,REF_70,2972,59.44,EUR,cash,9,2,2026,0,15,FR,DE
Bank_4,Bank_4,2026-02-12 11:33:00,Sender details 71,Receiver details 71,SENDER_ACC_1036,RECEIVER_ACC_2085,REF_71,936,18.72,EUR,cash,12,2,2026,3,11,AL,DE
Bank_3,Bank_10,2026-02-18 13:48:00,Sender details 72,Receiver details 72,SENDER_ACC_1088,RECEIVER_ACC_2096,REF_72,1246,24.92,EUR,cash,18,2,2026,2,13,AL,AL
Bank_1,Bank_6,2026-02-02 18:04:00,Sender details 73,Receiver details 73,SENDER_ACC_1050,RECEIVER_ACC_2093,REF_73,6196,123.92,EUR,transfer,2,2,2026,0,18,DE,IT
Bank_5,Bank_8,2026-02-16 09:28:00,Sender details 74,Receiver details 74,SENDER_ACC_1026,RECEIVER_ACC_2068,REF_74,5142,102.84,EUR,transfer,16,2,2026,0,9,FR,AL
Bank_7,Bank_8,2026-02-07 12:08:00,Sender details 75,Receiver details 75,SENDER_ACC_1100,RECEIVER_ACC_2038,REF_75,1753,35.06,EUR,international,7,2,2026,5,12,XK,DE
Bank_4,Bank_4,2026-02-02 16:06:00,Sender details 76,Receiver details 76,SENDER_ACC_1055,RECEIVER_ACC_2037,REF_76,3794,75.88,EUR,transfer,2,2,2026,0,16,XK,DE
Bank_9,Bank_3,2026-02-04 18:07:00,Sender details 77,Receiver details 77,SENDER_ACC_1045,RECEIVER_ACC_2059,REF_77,4403,88.06,EUR,international,4,2,2026,2,18,XK,FR
Bank_2,Bank_5,2026-02-04 12:02:00,Sender details 78,Receiver details 78,SENDER_ACC_1070,RECEIVER_ACC_2080,REF_78,4546,90.92,EUR,international,4,2,2026,2,12,XK,IT
Bank_7,Bank_3,2026-02-07 09:18:00,Sender details 79,Receiver details 79,SENDER_ACC_1047,RECEIVER_ACC_2092,REF_79,6837,136.74,EUR,cash,7,2,2026,5,9,AL,FR
Bank_6,Bank_3,2026-02-05 08:18:00,Sender details 80,Receiver details 80,SENDER_ACC_1070,RECEIVER_ACC_2026,REF_80,5304,106.08,EUR,international,5,2,2026,3,8,AL,AL
Bank_6,Bank_6,2026-02-14 08:08:00,Sender details 81,Receiver details 81,SENDER_ACC_1084,RECEIVER_ACC_2047,REF_81,6754,135.08,EUR,transfer,14,2,2026,5,8,XK,IT
Bank_1,Bank_3,2026-02-20 13:53:00,Sender details 82,Receiver details 82,SENDER_ACC_1043,RECEIVER_ACC_2049,REF_82,1847,36.94,EUR,international,20,2,2026,4,13,AL,IT
Bank_9,Bank_9,2026-02-02 08:07:00,Sender details 83,Receiver details 83,SENDER_ACC_1062,RECEIVER_ACC_2058,REF_83,1112,22.24,EUR,cash,2,2,2026,0,8,DE,AL
Bank_5,Bank_5,2026-02-20 16:15:00,Sender details 84,Receiver details 84,SENDER_ACC_1007,RECEIVER_ACC_2019,REF_84,1311,26.22,EUR,cash,20,2,2026,4,16,FR,FR
Bank_9,Bank_3,2026-02-01 13:28:00,Sender details 85,Receiver details 85,SENDER_ACC_1051,RECEIVER_ACC_2074,REF_85,1891,37.82,EUR,transfer,1,2,2026,6,13,XK,DE
Bank_9,Bank_4,2026-02-09 14:26:00,Sender details 86,Receiver details 86,SENDER_ACC_1073,RECEIVER_ACC_2085,REF_86,3844,76.88,EUR,international,9,2,2026,0,14,DE,IT
Bank_2,Bank_4,2026-02-08 11:20:00,Sender details 87,Receiver details 87,SENDER_ACC_1029,RECEIVER_ACC_2016,REF_87,429,8.58,EUR,cash,8,2,2026,6,11,AL,FR
Bank_4,Bank_2,2026-02-05 13:45:00,Sender details 88,Receiver details 88,SENDER_ACC_1079,RECEIVER_ACC_2035,REF_88,3963,79.26,EUR,transfer,5,2,2026,3,13,XK,IT
Bank_6,Bank_9,2026-02-17 18:15:00,Sender details 89,Receiver details 89,SENDER_ACC_1037,RECEIVER_ACC_2057,REF_89,5011,100.22,EUR,transfer,17,2,2026,1,18,DE,XK
Bank_6,Bank_7,2026-02-01 18:31:00,Sender details 90,Receiver details 90,SENDER_ACC_1041,RECEIVER_ACC_2005,REF_90,5183,103.66,EUR,transfer,1,2,2026,6,18,XK,DE
Bank_6,Bank_8,2026-02-21 13:33:00,Sender details 91,Receiver details 91,SENDER_ACC_1067,RECEIVER_ACC_2078,REF_91,1793,35.86,EUR,transfer,21,2,2026,5,13,XK,XK
Bank_2,Bank_2,2026-02-14 13:14:00,Sender details 92,Receiver details 92,SENDER_ACC_1033,RECEIVER_ACC_2085,REF_92,793,15.86,EUR,international,14,2,2026,5,13,AL,FR
Bank_4,Bank_10,2026-02-07 10:09:00,Sender details 93,Receiver details 93,SENDER_ACC_1088,RECEIVER_ACC_2050,REF_93,6748,134.96,EUR,international,7,2,2026,5,10,AL,IT
Bank_9,Bank_8,2026-02-15 12:59:00,Sender details 94,Receiver details 94,SENDER_ACC_1027,RECEIVER_ACC_2083,REF_94,2880,57.6,EUR,transfer,15,2,2026,6,12,XK,AL
Bank_9,Bank_2,2026-02-21 09:01:00,Sender details 95,Receiver details 95,SENDER_ACC_1038,RECEIVER_ACC_2022,REF_95,2633,52.66,EUR,international,21,2,2026,5,9,IT,AL
Bank_1,Bank_1,2026-02-21 12:04:00,Sender details 96,Receiver details 96,SENDER_ACC_1051,RECEIVER_ACC_2019,REF_96,3702,74.04,EUR,international,21,2,2026,5,12,FR,FR
Bank_7,Bank_8,2026-02-10 12:24:00,Sender details 97,Receiver details 97,SENDER_ACC_1098,RECEIVER_ACC_2082,REF_97,6732,134.64,EUR,transfer,10,2,2026,1,12,IT,IT
Bank_4,Bank_2,2026-02-04 14:10:00,Sender details 98,Receiver details 98,SENDER_ACC_1073,RECEIVER_ACC_2096,REF_98,755,15.1,EUR,transfer,4,2,2026,2,14,XK,AL
Bank_10,Bank_7,2026-02-12 18:08:00,Sender details 99,Receiver details 99,SENDER_ACC_1049,RECEIVER_ACC_2061,REF_99,6215,124.3,EUR,international,12,2,2026,3,18,FR,AL
Bank_7,Bank_4,2026-02-06 11:47:00,Sender details 100,Receiver details 100,SENDER_ACC_1050,RECEIVER_ACC_2051,REF_100,4975,99.5,EUR,transfer,6,2,2026,4,11,XK,IT
Bank_2,Bank_3,2026-02-09 18:16:00,Sender details 101,Receiver details 101,SENDER_ACC_1047,RECEIVER_ACC_2044,REF_101,6647,132.94,EUR,international,9,2,2026,0,18,IT,DE
Bank_5,Bank_7,2026-02-11 18:09:00,Sender details 102,Receiver details 102,SENDER_ACC_1053,RECEIVER_ACC_2072,REF_102,2012,40.24,EUR,international,11,2,2026,2,18,FR,FR
Bank_4,Bank_4,2026-02-19 13:20:00,Sender details 103,Receiver details 103,SENDER_ACC_1085,RECEIVER_ACC_2031,REF_103,5440,108.8,EUR,transfer,19,2,2026,3,13,XK,AL
Bank_6,Bank_2,2026-02-10 11:08:00,Sender details 104,Receiver details 104,SENDER_ACC_1095,RECEIVER_ACC_2084,REF_104,1307,26.14,EUR,transfer,10,2,2026,1,11,DE,AL
Bank_4,Bank_7,2026-02-17 09:45:00,Sender details 105,Receiver details 105,SENDER_ACC_1041,RECEIVER_ACC_2048,REF_105,2635,52.7,EUR,transfer,17,2,2026,1,9,FR,FR
Bank_3,Bank_5,2026-02-19 14:46:00,Sender details 106,Receiver details 106,SENDER_ACC_1073,RECEIVER_ACC_2026,REF_106,100,2.0,EUR,transfer,19,2,2026,3,14,XK,IT
Bank_6,Bank_7,2026-02-18 10:32:00,Sender details 107,Receiver details 107,SENDER_ACC_1041,RECEIVER_ACC_2031,REF_107,2579,51.58,EUR,transfer,18,2,2026,2,10,IT,XK
Bank_9,Bank_8,2026-02-06 10:40:00,Sender details 108,Receiver details 108,SENDER_ACC_1079,RECEIVER_ACC_2017,REF_108,1208,24.16,EUR,international,6,2,2026,4,10,DE,DE
Bank_10,Bank_2,2026-02-17 15:23:00,Sender details 109,Receiver details 109,SENDER_ACC_1007,RECEIVER_ACC_2030,REF_109,3801,76.02,EUR,transfer,17,2,2026,1,15,DE,FR
Bank_10,Bank_3,2026-02-03 11:01:00,Sender details 110,Receiver details 110,SENDER_ACC_1001,RECEIVER_ACC_2003,REF_110,3927,78.54,EUR,cash,3,2,2026,1,11,FR,AL
Bank_4,Bank_4,2026-02-16 11:30:00,Sender details 111,Receiver details 111,SENDER_ACC_1080,RECEIVER_ACC_2006,REF_111,3295,65.9,EUR,international,16,2,2026,0,11,IT,DE
Bank_4,Bank_8,2026-02-06 12:06:00,Sender details 112,Receiver details 112,SENDER_ACC_1002,RECEIVER_ACC_2001,REF_112,2805,56.1,EUR,cash,6,2,2026,4,12,FR,AL
Bank_2,Bank_10,2026-02-10 08:43:00,Sender details 113,Receiver details 113,SENDER_ACC_1097,RECEIVER_ACC_2095,REF_113,2956,59.12,EUR,international,10,2,2026,1,8,XK,IT
Bank_3,Bank_7,2026-02-16 10:22:00,Sender details 114,Receiver details 114,SENDER_ACC_1007,RECEIVER_ACC_2007,REF_114,3211,64.22,EUR,transfer,16,2,2026,0,10,IT,AL
Bank_7,Bank_1,2026-02-03 18:26:00,Sender details 115,Receiver details 115,SENDER_ACC_1078,RECEIVER_ACC_2090,REF_115,312,6.24,EUR,cash,3,2,2026,1,18,FR,AL
Bank_10,Bank_9,2026-02-18 10:34:00,Sender details 116,Receiver details 116,SENDER_ACC_1099,RECEIVER_ACC_2014,REF_116,3993,79.86,EUR,international,18,2,2026,2,10,AL,AL
Bank_10,Bank_10,2026-02-06 09:24:00,Sender details 117,Receiver details 117,SENDER_ACC_1096,RECEIVER_ACC_2087,REF_117,4682,93.64,EUR,cash,6,2,2026,4,9,IT,AL
Bank_10,Bank_5,2026-02-01 14:21:00,Sender details 118,Receiver details 118,SENDER_ACC_1073,RECEIVER_ACC_2033,REF_118,1620,32.4,EUR,transfer,1,2,2026,6,14,AL,IT
Bank_7,Bank_3,2026-02-01 16:33:00,Sender details 119,Receiver details 119,SENDER_ACC_1065,RECEIVER_ACC_2073,REF_119,5428,108.56,EUR,international,1,2,2026,6,16,DE,DE
Bank_3,Bank_8,2026-02-17 13:46:00,Sender details 120,Receiver details 120,SENDER_ACC_1078,RECEIVER_ACC_2091,REF_120,1016,20.32,EUR,transfer,17,2,2026,1,13,DE,IT
Bank_2,Bank_3,2026-02-12 15:15:00,Sender details 121,Receiver details 121,SENDER_ACC_1094,RECEIVER_ACC_2065,REF_121,1392,27.84,EUR,cash,12,2,2026,3,15,DE,AL
Bank_7,Bank_8,2026-02-06 09:01:00,Sender details 122,Receiver details 122,SENDER_ACC_1068,RECEIVER_ACC_2067,REF_122,655,13.1,EUR,international,6,2,2026,4,9,FR,DE
Bank_6,Bank_2,2026-02-11 09:38:00,Sender details 123,Receiver details 123,SENDER_ACC_1036,RECEIVER_ACC_2002,REF_123,5942,118.84,EUR,cash,11,2,2026,2,9,XK,FR
Bank_4,Bank_7,2026-02-17 16:53:00,Sender details 124,Receiver details 124,SENDER_ACC_1026,RECEIVER_ACC_2072,REF_124,343,6.86,EUR,cash,17,2,2026,1,16,DE,DE
Bank_3,Bank_4,2026-02-04 16:49:00,Sender details 125,Receiver details 125,SENDER_ACC_1022,RECEIVER_ACC_2087,REF_125,1890,37.8,EUR,cash,4,2,2026,2,16,AL,AL
Bank_10,Bank_2,2026-02-19 08:20:00,Sender details 126,Receiver details 126,SENDER_ACC_1027,RECEIVER_ACC_2006,REF_126,5169,103.38,EUR,international,19,2,2026,3,8,AL,FR
Bank_2,Bank_8,2026-02-11 15:09:00,Sender details 127,Receiver details 127,SENDER_ACC_1030,RECEIVER_ACC_2074,REF_127,6797,135.94,EUR,transfer,11,2,2026,2,15,XK,DE
Bank_4,Bank_1,2026-02-16 09:37:00,Sender details 128,Receiver details 128,SENDER_ACC_1039,RECEIVER_ACC_2082,REF_128,2257,45.14,EUR,cash,16,2,2026,0,9,FR,IT
Bank_3,Bank_1,2026-02-15 09:47:00,Sender details 129,Receiver details 129,SENDER_ACC_1070,RECEIVER_ACC_2043,REF_129,964,19.28,EUR,transfer,15,2,2026,6,9,XK,XK
Bank_4,Bank_1,2026-02-08 09:52:00,Sender details 130,Receiver details 130,SENDER_ACC_1057,RECEIVER_ACC_2070,REF_130,1247,24.94,EUR,international,8,2,2026,6,9,IT,IT
Bank_3,Bank_1,2026-02-21 11:22:00,Sender details 131,Receiver details 131,SENDER_ACC_1001,RECEIVER_ACC_2026,REF_131,5090,101.8,EUR,cash,21,2,2026,5,11,AL,XK
Bank_9,Bank_4,2026-02-09 09:50:00,Sender details 132,Receiver details 132,SENDER_ACC_1028,RECEIVER_ACC_2023,REF_132,1387,27.74,EUR,international,9,2,2026,0,9,DE,DE
Bank_8,Bank_9,2026-02-14 18:13:00,Sender details 133,Receiver details 133,SENDER_ACC_1061,RECEIVER_ACC_2043,REF_133,6594,131.88,EUR,international,14,2,2026,5,18,AL,DE
Bank_5,Bank_4,2026-02-10 15:30:00,Sender details 134,Receiver details 134,SENDER_ACC_1003,RECEIVER_ACC_2009,REF_134,1939,38.78,EUR,cash,10,2,2026,1,15,XK,FR
Bank_3,Bank_8,2026-02-04 18:46:00,Sender details 135,Receiver details 135,SENDER_ACC_1056,RECEIVER_ACC_2031,REF_135,6242,124.84,EUR,cash,4,2,2026,2,18,FR,FR
Bank_10,Bank_7,2026-02-16 08:45:00,Sender details 136,Receiver details 136,SENDER_ACC_1007,RECEIVER_ACC_2091,REF_136,6993,139.86,EUR,international,16,2,2026,0,8,XK,DE
Bank_8,Bank_5,2026-02-13 10:22:00,Sender details 137,Receiver details 137,SENDER_ACC_1043,RECEIVER_ACC_2069,REF_137,2318,46.36,EUR,transfer,13,2,2026,4,10,FR,FR
Bank_1,Bank_7,2026-02-13 08:24:00,Sender details 138,Receiver details 138,SENDER_ACC_1066,RECEIVER_ACC_2035,REF_138,2483,49.66,EUR,cash,13,2,2026,4,8,IT,DE
Bank_7,Bank_9,2026-02-05 18:03:00,Sender details 139,Receiver details 139,SENDER_ACC_1007,RECEIVER_ACC_2075,REF_139,5976,119.52,EUR,international,5,2,2026,3,18,FR,XK
Bank_8,Bank_10,2026-02-09 18:59:00,Sender details 140,Receiver details 140,SENDER_ACC_1083,RECEIVER_ACC_2002,REF_140,2381,47.62,EUR,transfer,9,2,2026,0,18,XK,FR
Bank_7,Bank_5,2026-02-05 10:55:00,Sender details 141,Receiver details 141,SENDER_ACC_1099,RECEIVER_ACC_2033,REF_141,2164,43.28,EUR,cash,5,2,2026,3,10,FR,AL
Bank_8,Bank_10,2026-02-14 17:40:00,Sender details 142,Receiver details 142,SENDER_ACC_1062,RECEIVER_ACC_2057,REF_142,5847,116.94,EUR,transfer,14,2,2026,5,17,XK,AL
Bank_1,Bank_6,2026-02-20 17:53:00,Sender details 143,Receiver details 143,SENDER_ACC_1064,RECEIVER_ACC_2096,REF_143,2615,52.3,EUR,international,20,2,2026,4,17,DE,DE
Bank_3,Bank_1,2026-02-14 09:10:00,Sender details 144,Receiver details 144,SENDER_ACC_1086,RECEIVER_ACC_2086,REF_144,2773,55.46,EUR,cash,14,2,2026,5,9,XK,FR
Bank_1,Bank_4,2026-02-12 13:47:00,Sender details 145,Receiver details 145,SENDER_ACC_1037,RECEIVER_ACC_2100,REF_145,6736,134.72,EUR,transfer,12,2,2026,3,13,XK,XK
Bank_6,Bank_6,2026-02-04 13:28:00,Sender details 146,Receiver details 146,SENDER_ACC_1034,RECEIVER_ACC_2020,REF_146,1164,23.28,EUR,transfer,4,2,2026,2,13,FR,AL
Bank_1,Bank_10,2026-02-09 12:23:00,Sender details 147,Receiver details 147,SENDER_ACC_1002,RECEIVER_ACC_2074,REF_147,6552,131.04,EUR,transfer,9,2,2026,0,12,AL,XK
Bank_6,Bank_5,2026-02-03 11:09:00,Sender details 148,Receiver details 148,SENDER_ACC_1064,RECEIVER_ACC_2094,REF_148,4502,90.04,EUR,international,3,2,2026,1,11,XK,FR
Bank_7,Bank_5,2026-02-07 17:04:00,Sender details 149,Receiver details 149,SENDER_ACC_1015,RECEIVER_ACC_2091,REF_149,782,15.64,EUR,international,7,2,2026,5,17,IT,AL
Bank_8,Bank_10,2026-02-01 11:34:00,Sender details 150,Receiver details 150,SENDER_ACC_1065,RECEIVER_ACC_2000,REF_150,840,16.8,EUR,cash,1,2,2026,6,11,IT,IT
Bank_7,Bank_5,2026-02-17 15:10:00,Sender details 151,Receiver details 151,SENDER_ACC_1074,RECEIVER_ACC_2084,REF_151,5109,102.18,EUR,cash,17,2,2026,1,15,XK,AL
Bank_10,Bank_3,2026-02-05 18:34:00,Sender details 152,Receiver details 152,SENDER_ACC_1021,RECEIVER_ACC_2027,REF_152,6938,138.76,EUR,transfer,5,2,2026,3,18,IT,IT
Bank_8,Bank_8,2026-02-01 11:15:00,Sender details 153,Receiver details 153,SENDER_ACC_1013,RECEIVER_ACC_2076,REF_153,1324,26.48,EUR,international,1,2,2026,6,11,XK,DE
Bank_9,Bank_5,2026-02-06 10:07:00,Sender details 154,Receiver details 154,SENDER_ACC_1074,RECEIVER_ACC_2075,REF_154,2100,42.0,EUR,international,6,2,2026,4,10,FR,AL
Bank_9,Bank_6,2026-02-21 15:44:00,Sender details 155,Receiver details 155,SENDER_ACC_1098,RECEIVER_ACC_2049,REF_155,3910,78.2,EUR,transfer,21,2,2026,5,15,XK,IT
Bank_6,Bank_7,2026-02-20 15:27:00,Sender details 156,Receiver details 156,SENDER_ACC_1016,RECEIVER_ACC_2001,REF_156,6570,131.4,EUR,international,20,2,2026,4,15,FR,DE
Bank_8,Bank_5,2026-02-15 08:59:00,Sender details 157,Receiver details 157,SENDER_ACC_1097,RECEIVER_ACC_2074,REF_157,2519,50.38,EUR,international,15,2,2026,6,8,AL,IT
Bank_6,Bank_6,2026-02-16 11:31:00,Sender details 158,Receiver details 158,SENDER_ACC_1055,RECEIVER_ACC_2024,REF_158,2245,44.9,EUR,cash,16,2,2026,0,11,FR,FR
Bank_2,Bank_2,2026-02-21 11:22:00,Sender details 159,Receiver details 159,SENDER_ACC_1041,RECEIVER_ACC_2060,REF_159,1560,31.2,EUR,transfer,21,2,2026,5,11,XK,DE
Bank_1,Bank_2,2026-02-11 13:13:00,Sender details 160,Receiver details 160,SENDER_ACC_1095,RECEIVER_ACC_2007,REF_160,3081,61.62,EUR,transfer,11,2,2026,2,13,AL,XK
Bank_1,Bank_10,2026-02-03 10:03:00,Sender details 161,Receiver details 161,SENDER_ACC_1029,RECEIVER_ACC_2029,REF_161,6311,126.22,EUR,transfer,3,2,2026,1,10,DE,XK
Bank_3,Bank_5,2026-02-20 12:30:00,Sender details 162,Receiver details 162,SENDER_ACC_1080,RECEIVER_ACC_2099,REF_162,1238,24.76,EUR,international,20,2,2026,4,12,DE,DE
Bank_2,Bank_1,2026-02-14 11:11:00,Sender details 163,Receiver details 163,SENDER_ACC_1041,RECEIVER_ACC_2080,REF_163,3513,70.26,EUR,transfer,14,2,2026,5,11,FR,FR
Bank_3,Bank_3,2026-02-10 08:07:00,Sender details 164,Receiver details 164,SENDER_ACC_1031,RECEIVER_ACC_2054,REF_164,5467,109.34,EUR,international,10,2,2026,1,8,DE,XK
Bank_7,Bank_2,2026-02-03 12:46:00,Sender details 165,Receiver details 165,SENDER_ACC_1023,RECEIVER_ACC_2052,REF_165,214,4.28,EUR,cash,3,2,2026,1,12,DE,AL
Bank_5,Bank_7,2026-02-17 17:11:00,Sender details 166,Receiver details 166,SENDER_ACC_1021,RECEIVER_ACC_2069,REF_166,2906,58.12,EUR,international,17,2,2026,1,17,IT,XK
Bank_9,Bank_8,2026-02-13 08:33:00,Sender details 167,Receiver details 167,SENDER_ACC_1081,RECEIVER_ACC_2064,REF_167,4099,81.98,EUR,international,13,2,2026,4,8,XK,XK
Bank_5,Bank_10,2026-02-16 13:13:00,Sender details 168,Receiver details 168,SENDER_ACC_1086,RECEIVER_ACC_2021,REF_168,6427,128.54,EUR,transfer,16,2,2026,0,13,FR,AL
Bank_3,Bank_2,2026-02-07 13:36:00,Sender details 169,Receiver details 169,SENDER_ACC_1083,RECEIVER_ACC_2091,REF_169,3309,66.18,EUR,cash,7,2,2026,5,13,DE,XK
Bank_7,Bank_5,2026-02-15 09:20:00,Sender details 170,Receiver details 170,SENDER_ACC_1000,RECEIVER_ACC_2039,REF_170,1277,25.54,EUR,international,15,2,2026,6,9,XK,DE
Bank_1,Bank_6,2026-02-11 16:11:00,Sender details 171,Receiver details 171,SENDER_ACC_1083,RECEIVER_ACC_2014,REF_171,2997,59.94,EUR,international,11,2,2026,2,16,XK,XK
Bank_2,Bank_7,2026-02-09 11:06:00,Sender details 172,Receiver details 172,SENDER_ACC_1095,RECEIVER_ACC_2008,REF_172,2714,54.28,EUR,international,9,2,2026,0,11,DE,FR
Bank_5,Bank_10,2026-02-01 18:37:00,Sender details 173,Receiver details 173,SENDER_ACC_1056,RECEIVER_ACC_2055,REF_173,3785,75.7,EUR,international,1,2,2026,6,18,DE,IT
Bank_6,Bank_1,2026-02-16 15:31:00,Sender details 174,Receiver details 174,SENDER_ACC_1067,RECEIVER_ACC_2098,REF_174,3288,65.76,EUR,transfer,16,2,2026,0,15,XK,AL
Bank_3,Bank_10,2026-02-12 15:02:00,Sender details 175,Receiver details 175,SENDER_ACC_1100,RECEIVER_ACC_2066,REF_175,4840,96.8,EUR,cash,12,2,2026,3,15,DE,XK
Bank_1,Bank_9,2026-02-09 10:32:00,Sender details 176,Receiver details 176,SENDER_ACC_1041,RECEIVER_ACC_2046,REF_176,1286,25.72,EUR,international,9,2,2026,0,10,XK,XK
Bank_1,Bank_9,2026-02-17 18:15:00,Sender details 177,Receiver details 177,SENDER_ACC_1073,RECEIVER_ACC_2085,REF_177,3878,77.56,EUR,transfer,17,2,2026,1,18,AL,XK
Bank_1,Bank_8,2026-02-09 17:40:00,Sender details 178,Receiver details 178,SENDER_ACC_1009,RECEIVER_ACC_2083,REF_178,5465,109.3,EUR,cash,9,2,2026,0,17,FR,AL
Bank_1,Bank_3,2026-02-15 11:03:00,Sender details 179,Receiver details 179,SENDER_ACC_1031,RECEIVER_ACC_2080,REF_179,2392,47.84,EUR,cash,15,2,2026,6,11,IT,FR
Bank_8,Bank_10,2026-02-02 12:58:00,Sender details 180,Receiver details 180,SENDER_ACC_1000,RECEIVER_ACC_2014,REF_180,5229,104.58,EUR,cash,2,2,2026,0,12,IT,IT
Bank_5,Bank_5,2026-02-08 14:43:00,Sender details 181,Receiver details 181,SENDER_ACC_1013,RECEIVER_ACC_2079,REF_181,2339,46.78,EUR,transfer,8,2,2026,6,14,XK,AL
Bank_6,Bank_10,2026-02-20 09:57:00,Sender details 182,Receiver details 182,SENDER_ACC_1079,RECEIVER_ACC_2065,REF_182,2465,49.3,EUR,transfer,20,2,2026,4,9,FR,DE
Bank_2,Bank_1,2026-02-14 15:58:00,Sender details 183,Receiver details 183,SENDER_ACC_1018,RECEIVER_ACC_2011,REF_183,3090,61.8,EUR,international,14,2,2026,5,15,XK,AL
Bank_1,Bank_5,2026-02-02 14:51:00,Sender details 184,Receiver details 184,SENDER_ACC_1033,RECEIVER_ACC_2081,REF_184,3300,66.0,EUR,international,2,2,2026,0,14,DE,DE
Bank_7,Bank_5,2026-02-21 08:11:00,Sender details 185,Receiver details 185,SENDER_ACC_1081,RECEIVER_ACC_2098,REF_185,3716,74.32,EUR,cash,21,2,2026,5,8,AL,FR
Bank_9,Bank_3,2026-02-14 08:28:00,Sender details 186,Receiver details 186,SENDER_ACC_1046,RECEIVER_ACC_2094,REF_186,1851,37.02,EUR,transfer,14,2,2026,5,8,AL,IT
Bank_10,Bank_4,2026-02-10 11:40:00,Sender details 187,Receiver details 187,SENDER_ACC_1012,RECEIVER_ACC_2097,REF_187,986,19.72,EUR,cash,10,2,2026,1,11,AL,DE
Bank_3,Bank_10,2026-02-19 18:01:00,Sender details 188,Receiver details 188,SENDER_ACC_1093,RECEIVER_ACC_2066,REF_188,1130,22.6,EUR,international,19,2,2026,3,18,IT,IT
Bank_4,Bank_2,2026-02-04 16:48:00,Sender details 189,Receiver details 189,SENDER_ACC_1050,RECEIVER_ACC_2090,REF_189,3248,64.96,EUR,cash,4,2,2026,2,16,IT,DE
Bank_7,Bank_6,2026-02-11 17:33:00,Sender details 190,Receiver details 190,SENDER_ACC_1064,RECEIVER_ACC_2064,REF_190,2861,57.22,EUR,cash,11,2,2026,2,17,DE,IT
Bank_9,Bank_7,2026-02-18 16:30:00,Sender details 191,Receiver details 191,SENDER_ACC_1097,RECEIVER_ACC_2092,REF_191,4901,98.02,EUR,transfer,18,2,2026,2,16,FR,XK
Bank_5,Bank_2,2026-02-15 08:37:00,Sender details 192,Receiver details 192,SENDER_ACC_1017,RECEIVER_ACC_2020,REF_192,5066,101.32,EUR,international,15,2,2026,6,8,XK,DE
Bank_9,Bank_6,2026-02-19 16:55:00,Sender details 193,Receiver details 193,SENDER_ACC_1071,RECEIVER_ACC_2067,REF_193,2990,59.8,EUR,international,19,2,2026,3,16,XK,IT
Bank_6,Bank_6,2026-02-04 12:11:00,Sender details 194,Receiver details 194,SENDER_ACC_1009,RECEIVER_ACC_2000,REF_194,1991,39.82,EUR,cash,4,2,2026,2,12,IT,FR
Bank_6,Bank_3,2026-02-01 15:37:00,Sender details 195,Receiver details 195,SENDER_ACC_1019,RECEIVER_ACC_2047,REF_195,5362,107.24,EUR,cash,1,2,2026,6,15,AL,XK
Bank_1,Bank_3,2026-02-21 17:35:00,Sender details 196,Receiver details 196,SENDER_ACC_1049,RECEIVER_ACC_2059,REF_196,1393,27.86,EUR,transfer,21,2,2026,5,17,IT,DE
Bank_3,Bank_9,2026-02-21 10:45:00,Sender details 197,Receiver details 197,SENDER_ACC_1092,RECEIVER_ACC_2013,REF_197,4763,95.26,EUR,cash,21,2,2026,5,10,DE,XK
Bank_5,Bank_9,2026-02-02 09:14:00,Sender details 198,Receiver details 198,SENDER_ACC_1060,RECEIVER_ACC_2060,REF_198,4133,82.66,EUR,transfer,2,2,2026,0,9,DE,FR
Bank_3,Bank_2,2026-02-15 15:15:00,Sender details 199,Receiver details 199,SENDER_ACC_1060,RECEIVER_ACC_2005,REF_199,6486,129.72,EUR,cash,15,2,2026,6,15,XK,FR
Bank_1,Bank_3,2026-02-09 11:33:00,Sender details 200,Receiver details 200,SENDER_ACC_1055,RECEIVER_ACC_2027,REF_200,1060,21.2,EUR,international,9,2,2026,0,11,DE,DE
Bank_8,Bank_1,2026-02-17 15:56:00,Sender details 201,Receiver details 201,SENDER_ACC_1016,RECEIVER_ACC_2033,REF_201,4716,94.32,EUR,transfer,17,2,2026,1,15,IT,IT
Bank_1,Bank_1,2026-02-07 09:11:00,Sender details 202,Receiver details 202,SENDER_ACC_1047,RECEIVER_ACC_2069,REF_202,4184,83.68,EUR,transfer,7,2,2026,5,9,FR,IT
Bank_9,Bank_2,2026-02-13 10:20:00,Sender details 203,Receiver details 203,SENDER_ACC_1094,RECEIVER_ACC_2076,REF_203,1650,33.0,EUR,transfer,13,2,2026,4,10,AL,IT
Bank_1,Bank_2,2026-02-07 12:44:00,Sender details 204,Receiver details 204,SENDER_ACC_1081,RECEIVER_ACC_2032,REF_204,2294,45.88,EUR,international,7,2,2026,5,12,DE,AL
Bank_2,Bank_10,2026-02-12 09:45:00,Sender details 205,Receiver details 205,SENDER_ACC_1045,RECEIVER_ACC_2092,REF_205,4078,81.56,EUR,cash,12,2,2026,3,9,IT,DE
Bank_4,Bank_1,2026-02-05 13:11:00,Sender details 206,Receiver details 206,SENDER_ACC_1004,RECEIVER_ACC_2047,REF_206,4536,90.72,EUR,international,5,2,2026,3,13,IT,IT
Bank_3,Bank_7,2026-02-14 18:57:00,Sender details 207,Receiver details 207,SENDER_ACC_1053,RECEIVER_ACC_2000,REF_207,6580,131.6,EUR,transfer,14,2,2026,5,18,FR,FR
Bank_8,Bank_10,2026-02-03 18:15:00,Sender details 208,Receiver details 208,SENDER_ACC_1052,RECEIVER_ACC_2070,REF_208,6452,129.04,EUR,transfer,3,2,2026,1,18,IT,DE
Bank_4,Bank_10,2026-02-10 08:52:00,Sender details 209,Receiver details 209,SENDER_ACC_1005,RECEIVER_ACC_2004,REF_209,3543,70.86,EUR,transfer,10,2,2026,1,8,DE,AL
Bank_2,Bank_10,2026-02-09 15:41:00,Sender details 210,Receiver details 210,SENDER_ACC_1043,RECEIVER_ACC_2061,REF_210,883,17.66,EUR,cash,9,2,2026,0,15,AL,DE
Bank_9,Bank_5,2026-02-09 09:17:00,Sender details 211,Receiver details 211,SENDER_ACC_1037,RECEIVER_ACC_2026,REF_211,1187,23.74,EUR,cash,9,2,2026,0,9,XK,IT
Bank_3,Bank_9,2026-02-07 13:45:00,Sender details 212,Receiver details 212,SENDER_ACC_1008,RECEIVER_ACC_2033,REF_212,4217,84.34,EUR,international,7,2,2026,5,13,DE,FR
Bank_3,Bank_1,2026-02-17 08:47:00,Sender details 213,Receiver details 213,SENDER_ACC_1025,RECEIVER_ACC_2040,REF_213,3237,64.74,EUR,transfer,17,2,2026,1,8,FR,DE
Bank_4,Bank_8,2026-02-08 15:59:00,Sender details 214,Receiver details 214,SENDER_ACC_1049,RECEIVER_ACC_2047,REF_214,604,12.08,EUR,transfer,8,2,2026,6,15,FR,AL
Bank_10,Bank_4,2026-02-15 10:58:00,Sender details 215,Receiver details 215,SENDER_ACC_1088,RECEIVER_ACC_2051,REF_215,4745,94.9,EUR,international,15,2,2026,6,10,AL,IT
Bank_9,Bank_3,2026-02-16 12:57:00,Sender details 216,Receiver details 216,SENDER_ACC_1030,RECEIVER_ACC_2030,REF_216,1374,27.48,EUR,cash,16,2,2026,0,12,XK,AL
Bank_8,Bank_7,2026-02-14 10:00:00,Sender details 217,Receiver details 217,SENDER_ACC_1068,RECEIVER_ACC_2093,REF_217,4196,83.92,EUR,international,14,2,2026,5,10,FR,AL
Bank_10,Bank_4,2026-02-12 17:44:00,Sender details 218,Receiver details 218,SENDER_ACC_1058,RECEIVER_ACC_2098,REF_218,4593,91.86,EUR,cash,12,2,2026,3,17,AL,AL
Bank_9,Bank_9,2026-02-10 10:44:00,Sender details 219,Receiver details 219,SENDER_ACC_1022,RECEIVER_ACC_2012,REF_219,6565,131.3,EUR,transfer,10,2,2026,1,10,FR,XK
Bank_9,Bank_2,2026-02-12 13:47:00,Sender details 220,Receiver details 220,SENDER_ACC_1018,RECEIVER_ACC_2005,REF_220,3762,75.24,EUR,international,12,2,2026,3,13,XK,FR
Bank_10,Bank_5,2026-02-06 16:13:00,Sender details 221,Receiver details 221,SENDER_ACC_1025,RECEIVER_ACC_2016,REF_221,427,8.54,EUR,cash,6,2,2026,4,16,AL,IT
Bank_4,Bank_6,2026-02-14 14:53:00,Sender details 222,Receiver details 222,SENDER_ACC_1014,RECEIVER_ACC_2023,REF_222,3324,66.48,EUR,cash,14,2,2026,5,14,AL,IT
Bank_7,Bank_10,2026-02-19 08:51:00,Sender details 223,Receiver details 223,SENDER_ACC_1041,RECEIVER_ACC_2100,REF_223,2693,53.86,EUR,transfer,19,2,2026,3,8,FR,IT
Bank_4,Bank_1,2026-02-09 15:53:00,Sender details 224,Receiver details 224,SENDER_ACC_1056,RECEIVER_ACC_2059,REF_224,5794,115.88,EUR,cash,9,2,2026,0,15,FR,FR
Bank_8,Bank_2,2026-02-20 15:49:00,Sender details 225,Receiver details 225,SENDER_ACC_1039,RECEIVER_ACC_2049,REF_225,2730,54.6,EUR,transfer,20,2,2026,4,15,XK,IT
Bank_10,Bank_8,2026-02-11 14:53:00,Sender details 226,Receiver details 226,SENDER_ACC_1027,RECEIVER_ACC_2041,REF_226,5514,110.28,EUR,international,11,2,2026,2,14,AL,FR
Bank_3,Bank_2,2026-02-08 11:45:00,Sender details 227,Receiver details 227,SENDER_ACC_1011,RECEIVER_ACC_2000,REF_227,4331,86.62,EUR,cash,8,2,2026,6,11,IT,FR
Bank_5,Bank_10,2026-02-16 10:21:00,Sender details 228,Receiver details 228,SENDER_ACC_1033,RECEIVER_ACC_2072,REF_228,962,19.24,EUR,cash,16,2,2026,0,10,DE,AL
Bank_3,Bank_5,2026-02-02 15:29:00,Sender details 229,Receiver details 229,SENDER_ACC_1007,RECEIVER_ACC_2046,REF_229,1342,26.84,EUR,international,2,2,2026,0,15,AL,DE
Bank_1,Bank_5,2026-02-10 16:12:00,Sender details 230,Receiver details 230,SENDER_ACC_1056,RECEIVER_ACC_2096,REF_230,1453,29.06,EUR,international,10,2,2026,1,16,AL,XK
Bank_9,Bank_3,2026-02-07 11:36:00,Sender details 231,Receiver details 231,SENDER_ACC_1065,RECEIVER_ACC_2083,REF_231,790,15.8,EUR,international,7,2,2026,5,11,FR,AL
Bank_2,Bank_7,2026-02-12 17:57:00,Sender details 232,Receiver details 232,SENDER_ACC_1035,RECEIVER_ACC_2056,REF_232,4864,97.28,EUR,cash,12,2,2026,3,17,DE,FR
Bank_5,Bank_8,2026-02-09 18:55:00,Sender details 233,Receiver details 233,SENDER_ACC_1063,RECEIVER_ACC_2009,REF_233,586,11.72,EUR,transfer,9,2,2026,0,18,IT,DE
Bank_4,Bank_10,2026-02-09 14:28:00,Sender details 234,Receiver details 234,SENDER_ACC_1072,RECEIVER_ACC_2080,REF_234,3176,63.52,EUR,transfer,9,2,2026,0,14,AL,AL
Bank_8,Bank_7,2026-02-20 12:52:00,Sender details 235,Receiver details 235,SENDER_ACC_1004,RECEIVER_ACC_2001,REF_235,972,19.44,EUR,international,20,2,2026,4,12,DE,FR
Bank_1,Bank_10,2026-02-21 16:58:00,Sender details 236,Receiver details 236,SENDER_ACC_1082,RECEIVER_ACC_2081,REF_236,3058,61.16,EUR,cash,21,2,2026,5,16,XK,DE
Bank_3,Bank_2,2026-02-04 12:24:00,Sender details 237,Receiver details 237,SENDER_ACC_1061,RECEIVER_ACC_2008,REF_237,3592,71.84,EUR,cash,4,2,2026,2,12,AL,DE
Bank_9,Bank_6,2026-02-04 10:45:00,Sender details 238,Receiver details 238,SENDER_ACC_1045,RECEIVER_ACC_2099,REF_238,2942,58.84,EUR,international,4,2,2026,2,10,XK,FR
Bank_6,Bank_9,2026-02-11 08:06:00,Sender details 239,Receiver details 239,SENDER_ACC_1028,RECEIVER_ACC_2009,REF_239,3993,79.86,EUR,transfer,11,2,2026,2,8,FR,XK
Bank_6,Bank_3,2026-02-08 12:06:00,Sender details 240,Receiver details 240,SENDER_ACC_1021,RECEIVER_ACC_2074,REF_240,2005,40.1,EUR,transfer,8,2,2026,6,12,AL,AL
Bank_10,Bank_1,2026-02-18 17:26:00,Sender details 241,Receiver details 241,SENDER_ACC_1018,RECEIVER_ACC_2059,REF_241,3491,69.82,EUR,cash,18,2,2026,2,17,AL,DE
Bank_1,Bank_1,2026-02-17 18:16:00,Sender details 242,Receiver details 242,SENDER_ACC_1008,RECEIVER_ACC_2004,REF_242,2239,44.78,EUR,international,17,2,2026,1,18,IT,XK
Bank_8,Bank_9,2026-02-05 11:48:00,Sender details 243,Receiver details 243,SENDER_ACC_1027,RECEIVER_ACC_2089,REF_243,2258,45.16,EUR,transfer,5,2,2026,3,11,FR,DE
Bank_8,Bank_3,2026-02-21 11:44:00,Sender details 244,Receiver details 244,SENDER_ACC_1043,RECEIVER_ACC_2070,REF_244,975,19.5,EUR,transfer,21,2,2026,5,11,XK,XK
Bank_7,Bank_9,2026-02-16 13:38:00,Sender details 245,Receiver details 245,SENDER_ACC_1045,RECEIVER_ACC_2005,REF_245,2756,55.12,EUR,transfer,16,2,2026,0,13,DE,XK
Bank_5,Bank_2,2026-02-17 17:04:00,Sender details 246,Receiver details 246,SENDER_ACC_1028,RECEIVER_ACC_2084,REF_246,3125,62.5,EUR,transfer,17,2,2026,1,17,DE,IT
Bank_3,Bank_6,2026-02-21 16:31:00,Sender details 247,Receiver details 247,SENDER_ACC_1077,RECEIVER_ACC_2099,REF_247,6188,123.76,EUR,transfer,21,2,2026,5,16,FR,IT
Bank_9,Bank_6,2026-02-13 18:23:00,Sender details 248,Receiver details 248,SENDER_ACC_1063,RECEIVER_ACC_2035,REF_248,5162,103.24,EUR,transfer,13,2,2026,4,18,AL,DE
Bank_7,Bank_8,2026-02-04 13:13:00,Sender details 249,Receiver details 249,SENDER_ACC_1090,RECEIVER_ACC_2093,REF_249,1041,20.82,EUR,international,4,2,2026,2,13,AL,IT
Bank_10,Bank_6,2026-02-17 16:16:00,Sender details 250,Receiver details 250,SENDER_ACC_1013,RECEIVER_ACC_2066,REF_250,3974,79.48,EUR,transfer,17,2,2026,1,16,IT,AL
Bank_8,Bank_8,2026-02-09 10:04:00,Sender details 251,Receiver details 251,SENDER_ACC_1078,RECEIVER_ACC_2028,REF_251,5642,112.84,EUR,international,9,2,2026,0,10,DE,IT
Bank_10,Bank_7,2026-02-08 09:07:00,Sender details 252,Receiver details 252,SENDER_ACC_1059,RECEIVER_ACC_2096,REF_252,4805,96.1,EUR,transfer,8,2,2026,6,9,IT,XK
Bank_7,Bank_7,2026-02-17 10:00:00,Sender details 253,Receiver details 253,SENDER_ACC_1089,RECEIVER_ACC_2032,REF_253,3567,71.34,EUR,cash,17,2,2026,1,10,AL,FR
Bank_10,Bank_9,2026-02-08 09:22:00,Sender details 254,Receiver details 254,SENDER_ACC_1006,RECEIVER_ACC_2052,REF_254,1130,22.6,EUR,transfer,8,2,2026,6,9,DE,FR
Bank_1,Bank_4,2026-02-02 18:53:00,Sender details 255,Receiver details 255,SENDER_ACC_1045,RECEIVER_ACC_2016,REF_255,6380,127.6,EUR,cash,2,2,2026,0,18,DE,DE
Bank_5,Bank_5,2026-02-08 16:23:00,Sender details 256,Receiver details 256,SENDER_ACC_1088,RECEIVER_ACC_2073,REF_256,3316,66.32,EUR,international,8,2,2026,6,16,AL,AL
Bank_2,Bank_5,2026-02-08 15:32:00,Sender details 257,Receiver details 257,SENDER_ACC_1072,RECEIVER_ACC_2062,REF_257,4358,87.16,EUR,international,8,2,2026,6,15,FR,IT
Bank_10,Bank_10,2026-02-09 08:17:00,Sender details 258,Receiver details 258,SENDER_ACC_1041,RECEIVER_ACC_2006,REF_258,4276,85.52,EUR,transfer,9,2,2026,0,8,IT,AL
Bank_1,Bank_3,2026-02-08 12:26:00,Sender details 259,Receiver details 259,SENDER_ACC_1013,RECEIVER_ACC_2095,REF_259,802,16.04,EUR,cash,8,2,2026,6,12,FR,AL
Bank_6,Bank_5,2026-02-18 13:21:00,Sender details 260,Receiver details 260,SENDER_ACC_1050,RECEIVER_ACC_2051,REF_260,2577,51.54,EUR,transfer,18,2,2026,2,13,DE,IT
Bank_10,Bank_6,2026-02-20 14:32:00,Sender details 261,Receiver details 261,SENDER_ACC_1004,RECEIVER_ACC_2008,REF_261,5136,102.72,EUR,international,20,2,2026,4,14,FR,AL
Bank_10,Bank_6,2026-02-14 08:51:00,Sender details 262,Receiver details 262,SENDER_ACC_1081,RECEIVER_ACC_2068,REF_262,6191,123.82,EUR,international,14,2,2026,5,8,XK,DE
Bank_7,Bank_6,2026-02-11 08:02:00,Sender details 263,Receiver details 263,SENDER_ACC_1077,RECEIVER_ACC_2023,REF_263,5587,111.74,EUR,cash,11,2,2026,2,8,XK,FR
Bank_4,Bank_1,2026-02-13 16:51:00,Sender details 264,Receiver details 264,SENDER_ACC_1016,RECEIVER_ACC_2050,REF_264,4696,93.92,EUR,international,13,2,2026,4,16,AL,DE
Bank_1,Bank_10,2026-02-11 10:48:00,Sender details 265,Receiver details 265,SENDER_ACC_1001,RECEIVER_ACC_2035,REF_265,3279,65.58,EUR,cash,11,2,2026,2,10,XK,FR
Bank_9,Bank_8,2026-02-11 15:31:00,Sender details 266,Receiver details 266,SENDER_ACC_1004,RECEIVER_ACC_2000,REF_266,4552,91.04,EUR,transfer,11,2,2026,2,15,XK,XK
Bank_2,Bank_7,2026-02-20 08:51:00,Sender details 267,Receiver details 267,SENDER_ACC_1004,RECEIVER_ACC_2055,REF_267,1385,27.7,EUR,international,20,2,2026,4,8,DE,XK
Bank_5,Bank_7,2026-02-15 14:15:00,Sender details 268,Receiver details 268,SENDER_ACC_1012,RECEIVER_ACC_2011,REF_268,3546,70.92,EUR,international,15,2,2026,6,14,IT,FR
Bank_1,Bank_10,2026-02-17 08:01:00,Sender details 269,Receiver details 269,SENDER_ACC_1040,RECEIVER_ACC_2049,REF_269,6877,137.54,EUR,transfer,17,2,2026,1,8,AL,DE
Bank_3,Bank_10,2026-02-11 08:06:00,Sender details 270,Receiver details 270,SENDER_ACC_1030,RECEIVER_ACC_2057,REF_270,4672,93.44,EUR,international,11,2,2026,2,8,AL,XK
Bank_6,Bank_7,2026-02-18 16:48:00,Sender details 271,Receiver details 271,SENDER_ACC_1024,RECEIVER_ACC_2092,REF_271,5381,107.62,EUR,transfer,18,2,2026,2,16,AL,XK
Bank_2,Bank_10,2026-02-04 14:33:00,Sender details 272,Receiver details 272,SENDER_ACC_1059,RECEIVER_ACC_2017,REF_272,3618,72.36,EUR,cash,4,2,2026,2,14,DE,AL
Bank_3,Bank_4,2026-02-04 18:39:00,Sender details 273,Receiver details 273,SENDER_ACC_1062,RECEIVER_ACC_2037,REF_273,5692,113.84,EUR,transfer,4,2,2026,2,18,AL,IT
Bank_10,Bank_3,2026-02-01 15:29:00,Sender details 274,Receiver details 274,SENDER_ACC_1099,RECEIVER_ACC_2027,REF_274,6763,135.26,EUR,cash,1,2,2026,6,15,IT,XK
Bank_4,Bank_5,2026-02-21 17:43:00,Sender details 275,Receiver details 275,SENDER_ACC_1009,RECEIVER_ACC_2046,REF_275,3819,76.38,EUR,transfer,21,2,2026,5,17,AL,AL
Bank_1,Bank_3,2026-02-04 12:52:00,Sender details 276,Receiver details 276,SENDER_ACC_1017,RECEIVER_ACC_2037,REF_276,5805,116.1,EUR,transfer,4,2,2026,2,12,FR,FR
Bank_9,Bank_1,2026-02-11 12:43:00,Sender details 277,Receiver details 277,SENDER_ACC_1010,RECEIVER_ACC_2007,REF_277,2124,42.48,EUR,transfer,11,2,2026,2,12,FR,AL
Bank_1,Bank_6,2026-02-08 13:39:00,Sender details 278,Receiver details 278,SENDER_ACC_1097,RECEIVER_ACC_2095,REF_278,3665,73.3,EUR,transfer,8,2,2026,6,13,XK,AL
Bank_3,Bank_4,2026-02-14 09:45:00,Sender details 279,Receiver details 279,SENDER_ACC_1068,RECEIVER_ACC_2090,REF_279,164,3.28,EUR,transfer,14,2,2026,5,9,FR,IT
Bank_10,Bank_6,2026-02-08 13:20:00,Sender details 280,Receiver details 280,SENDER_ACC_1019,RECEIVER_ACC_2009,REF_280,6886,137.72,EUR,cash,8,2,2026,6,13,XK,AL
Bank_10,Bank_8,2026-02-07 17:46:00,Sender details 281,Receiver details 281,SENDER_ACC_1082,RECEIVER_ACC_2083,REF_281,3660,73.2,EUR,transfer,7,2,2026,5,17,XK,DE
Bank_10,Bank_5,2026-02-11 15:31:00,Sender details 282,Receiver details 282,SENDER_ACC_1020,RECEIVER_ACC_2006,REF_282,6612,132.24,EUR,cash,11,2,2026,2,15,AL,DE
Bank_8,Bank_9,2026-02-10 08:10:00,Sender details 283,Receiver details 283,SENDER_ACC_1052,RECEIVER_ACC_2040,REF_283,4305,86.1,EUR,cash,10,2,2026,1,8,FR,IT
Bank_3,Bank_8,2026-02-06 14:17:00,Sender details 284,Receiver details 284,SENDER_ACC_1096,RECEIVER_ACC_2030,REF_284,5290,105.8,EUR,international,6,2,2026,4,14,AL,DE
Bank_4,Bank_1,2026-02-03 17:00:00,Sender details 285,Receiver details 285,SENDER_ACC_1100,RECEIVER_ACC_2015,REF_285,6695,133.9,EUR,transfer,3,2,2026,1,17,FR,FR
Bank_5,Bank_5,2026-02-21 17:23:00,Sender details 286,Receiver details 286,SENDER_ACC_1087,RECEIVER_ACC_2076,REF_286,2394,47.88,EUR,international,21,2,2026,5,17,FR,IT
Bank_8,Bank_9,2026-02-13 16:39:00,Sender details 287,Receiver details 287,SENDER_ACC_1076,RECEIVER_ACC_2062,REF_287,3858,77.16,EUR,transfer,13,2,2026,4,16,DE,FR
Bank_7,Bank_2,2026-02-18 18:27:00,Sender details 288,Receiver details 288,SENDER_ACC_1075,RECEIVER_ACC_2000,REF_288,2355,47.1,EUR,international,18,2,2026,2,18,XK,DE
Bank_5,Bank_1,2026-02-21 18:56:00,Sender details 289,Receiver details 289,SENDER_ACC_1078,RECEIVER_ACC_2086,REF_289,4135,82.7,EUR,cash,21,2,2026,5,18,XK,XK
Bank_10,Bank_10,2026-02-18 18:24:00,Sender details 290,Receiver details 290,SENDER_ACC_1091,RECEIVER_ACC_2060,REF_290,2471,49.42,EUR,international,18,2,2026,2,18,IT,XK
Bank_10,Bank_10,2026-02-06 15:46:00,Sender details 291,Receiver details 291,SENDER_ACC_1079,RECEIVER_ACC_2020,REF_291,898,17.96,EUR,international,6,2,2026,4,15,AL,FR
Bank_7,Bank_4,2026-02-01 18:20:00,Sender details 292,Receiver details 292,SENDER_ACC_1078,RECEIVER_ACC_2047,REF_292,1599,31.98,EUR,cash,1,2,2026,6,18,IT,IT
Bank_5,Bank_7,2026-02-12 17:31:00,Sender details 293,Receiver details 293,SENDER_ACC_1073,RECEIVER_ACC_2015,REF_293,6104,122.08,EUR,international,12,2,2026,3,17,IT,AL
Bank_6,Bank_9,2026-02-06 15:49:00,Sender details 294,Receiver details 294,SENDER_ACC_1032,RECEIVER_ACC_2026,REF_294,902,18.04,EUR,transfer,6,2,2026,4,15,XK,IT
Bank_1,Bank_6,2026-02-01 09:39:00,Sender details 295,Receiver details 295,SENDER_ACC_1040,RECEIVER_ACC_2006,REF_295,1466,29.32,EUR,international,1,2,2026,6,9,AL,XK
Bank_1,Bank_10,2026-02-04 17:44:00,Sender details 296,Receiver details 296,SENDER_ACC_1055,RECEIVER_ACC_2078,REF_296,6291,125.82,EUR,cash,4,2,2026,2,17,XK,XK
Bank_8,Bank_7,2026-02-03 17:26:00,Sender details 297,Receiver details 297,SENDER_ACC_1063,RECEIVER_ACC_2082,REF_297,5959,119.18,EUR,international,3,2,2026,1,17,IT,AL
Bank_8,Bank_2,2026-02-07 11:58:00,Sender details 298,Receiver details 298,SENDER_ACC_1019,RECEIVER_ACC_2090,REF_298,1882,37.64,EUR,international,7,2,2026,5,11,AL,FR
Bank_2,Bank_10,2026-02-10 09:31:00,Sender details 299,Receiver details 299,SENDER_ACC_1052,RECEIVER_ACC_2017,REF_299,1171,23.42,EUR,international,10,2,2026,1,9,IT,FR
Bank_2,Bank_2,2026-02-07 15:09:00,Sender details 300,Receiver details 300,SENDER_ACC_1016,RECEIVER_ACC_2045,REF_300,6694,133.88,EUR,cash,7,2,2026,5,15,DE,XK
Bank_4,Bank_1,2026-02-18 15:54:00,Sender details 301,Receiver details 301,SENDER_ACC_1072,RECEIVER_ACC_2023,REF_301,6354,127.08,EUR,cash,18,2,2026,2,15,FR,XK
Bank_4,Bank_8,2026-02-10 13:33:00,Sender details 302,Receiver details 302,SENDER_ACC_1002,RECEIVER_ACC_2030,REF_302,3712,74.24,EUR,cash,10,2,2026,1,13,AL,XK
Bank_5,Bank_7,2026-02-01 08:33:00,Sender details 303,Receiver details 303,SENDER_ACC_1037,RECEIVER_ACC_2039,REF_303,3204,64.08,EUR,cash,1,2,2026,6,8,IT,IT
Bank_5,Bank_10,2026-02-01 14:55:00,Sender details 304,Receiver details 304,SENDER_ACC_1062,RECEIVER_ACC_2019,REF_304,2770,55.4,EUR,international,1,2,2026,6,14,XK,FR
Bank_3,Bank_6,2026-02-10 08:15:00,Sender details 305,Receiver details 305,SENDER_ACC_1000,RECEIVER_ACC_2002,REF_305,5643,112.86,EUR,transfer,10,2,2026,1,8,IT,DE
Bank_9,Bank_2,2026-02-07 14:52:00,Sender details 306,Receiver details 306,SENDER_ACC_1081,RECEIVER_ACC_2018,REF_306,2324,46.48,EUR,cash,7,2,2026,5,14,FR,IT
Bank_2,Bank_7,2026-02-03 12:36:00,Sender details 307,Receiver details 307,SENDER_ACC_1044,RECEIVER_ACC_2020,REF_307,5221,104.42,EUR,cash,3,2,2026,1,12,DE,AL
Bank_4,Bank_9,2026-02-19 13:03:00,Sender details 308,Receiver details 308,SENDER_ACC_1026,RECEIVER_ACC_2005,REF_308,4205,84.1,EUR,transfer,19,2,2026,3,13,DE,AL
Bank_9,Bank_5,2026-02-06 17:03:00,Sender details 309,Receiver details 309,SENDER_ACC_1020,RECEIVER_ACC_2095,REF_309,459,9.18,EUR,transfer,6,2,2026,4,17,XK,AL
Bank_5,Bank_1,2026-02-03 13:05:00,Sender details 310,Receiver details 310,SENDER_ACC_1056,RECEIVER_ACC_2045,REF_310,4008,80.16,EUR,international,3,2,2026,1,13,DE,FR
Bank_8,Bank_6,2026-02-12 14:11:00,Sender details 311,Receiver details 311,SENDER_ACC_1020,RECEIVER_ACC_2061,REF_311,6514,130.28,EUR,cash,12,2,2026,3,14,IT,FR
Bank_6,Bank_10,2026-02-18 12:31:00,Sender details 312,Receiver details 312,SENDER_ACC_1041,RECEIVER_ACC_2099,REF_312,2526,50.52,EUR,transfer,18,2,2026,2,12,IT,FR
Bank_6,Bank_7,2026-02-11 08:11:00,Sender details 313,Receiver details 313,SENDER_ACC_1097,RECEIVER_ACC_2025,REF_313,5095,101.9,EUR,cash,11,2,2026,2,8,XK,AL
Bank_10,Bank_4,2026-02-11 08:29:00,Sender details 314,Receiver details 314,SENDER_ACC_1073,RECEIVER_ACC_2090,REF_314,2939,58.78,EUR,international,11,2,2026,2,8,AL,IT
Bank_7,Bank_5,2026-02-12 13:45:00,Sender details 315,Receiver details 315,SENDER_ACC_1019,RECEIVER_ACC_2020,REF_315,6566,131.32,EUR,international,12,2,2026,3,13,DE,DE
Bank_1,Bank_3,2026-02-11 14:35:00,Sender details 316,Receiver details 316,SENDER_ACC_1076,RECEIVER_ACC_2024,REF_316,5589,111.78,EUR,transfer,11,2,2026,2,14,XK,FR
Bank_4,Bank_5,2026-02-16 08:56:00,Sender details 317,Receiver details 317,SENDER_ACC_1077,RECEIVER_ACC_2047,REF_317,4244,84.88,EUR,cash,16,2,2026,0,8,DE,DE
Bank_6,Bank_10,2026-02-09 15:37:00,Sender details 318,Receiver details 318,SENDER_ACC_1083,RECEIVER_ACC_2018,REF_318,3338,66.76,EUR,transfer,9,2,2026,0,15,XK,XK
Bank_8,Bank_1,2026-02-13 16:46:00,Sender details 319,Receiver details 319,SENDER_ACC_1071,RECEIVER_ACC_2085,REF_319,5555,111.1,EUR,transfer,13,2,2026,4,16,XK,AL
Bank_10,Bank_5,2026-02-10 17:25:00,Sender details 320,Receiver details 320,SENDER_ACC_1039,RECEIVER_ACC_2013,REF_320,5728,114.56,EUR,international,10,2,2026,1,17,XK,IT
Bank_7,Bank_3,2026-02-20 17:01:00,Sender details 321,Receiver details 321,SENDER_ACC_1055,RECEIVER_ACC_2081,REF_321,3213,64.26,EUR,transfer,20,2,2026,4,17,DE,XK
Bank_8,Bank_1,2026-02-01 18:18:00,Sender details 322,Receiver details 322,SENDER_ACC_1010,RECEIVER_ACC_2090,REF_322,3704,74.08,EUR,international,1,2,2026,6,18,IT,IT
Bank_9,Bank_2,2026-02-09 10:53:00,Sender details 323,Receiver details 323,SENDER_ACC_1023,RECEIVER_ACC_2017,REF_323,2861,57.22,EUR,cash,9,2,2026,0,10,AL,FR
Bank_5,Bank_5,2026-02-10 09:27:00,Sender details 324,Receiver details 324,SENDER_ACC_1031,RECEIVER_ACC_2000,REF_324,5402,108.04,EUR,transfer,10,2,2026,1,9,XK,AL
Bank_1,Bank_9,2026-02-13 17:02:00,Sender details 325,Receiver details 325,SENDER_ACC_1041,RECEIVER_ACC_2041,REF_325,639,12.78,EUR,transfer,13,2,2026,4,17,IT,XK
Bank_9,Bank_3,2026-02-14 09:42:00,Sender details 326,Receiver details 326,SENDER_ACC_1038,RECEIVER_ACC_2083,REF_326,3661,73.22,EUR,cash,14,2,2026,5,9,FR,IT
Bank_10,Bank_6,2026-02-14 10:19:00,Sender details 327,Receiver details 327,SENDER_ACC_1022,RECEIVER_ACC_2099,REF_327,5010,100.2,EUR,cash,14,2,2026,5,10,FR,AL
Bank_10,Bank_7,2026-02-18 15:50:00,Sender details 328,Receiver details 328,SENDER_ACC_1035,RECEIVER_ACC_2094,REF_328,863,17.26,EUR,transfer,18,2,2026,2,15,FR,DE
Bank_7,Bank_1,2026-02-04 11:06:00,Sender details 329,Receiver details 329,SENDER_ACC_1050,RECEIVER_ACC_2006,REF_329,428,8.56,EUR,cash,4,2,2026,2,11,DE,AL
Bank_7,Bank_3,2026-02-20 11:55:00,Sender details 330,Receiver details 330,SENDER_ACC_1068,RECEIVER_ACC_2044,REF_330,4398,87.96,EUR,cash,20,2,2026,4,11,XK,AL
Bank_9,Bank_5,2026-02-01 13:18:00,Sender details 331,Receiver details 331,SENDER_ACC_1087,RECEIVER_ACC_2065,REF_331,2005,40.1,EUR,cash,1,2,2026,6,13,IT,AL
Bank_5,Bank_8,2026-02-15 17:41:00,Sender details 332,Receiver details 332,SENDER_ACC_1090,RECEIVER_ACC_2084,REF_332,787,15.74,EUR,transfer,15,2,2026,6,17,AL,FR
Bank_4,Bank_3,2026-02-18 08:08:00,Sender details 333,Receiver details 333,SENDER_ACC_1037,RECEIVER_ACC_2001,REF_333,1566,31.32,EUR,international,18,2,2026,2,8,IT,IT
Bank_1,Bank_7,2026-02-01 15:14:00,Sender details 334,Receiver details 334,SENDER_ACC_1081,RECEIVER_ACC_2010,REF_334,2210,44.2,EUR,cash,1,2,2026,6,15,XK,IT
Bank_8,Bank_4,2026-02-09 10:41:00,Sender details 335,Receiver details 335,SENDER_ACC_1002,RECEIVER_ACC_2032,REF_335,1456,29.12,EUR,cash,9,2,2026,0,10,IT,XK
Bank_5,Bank_3,2026-02-01 11:16:00,Sender details 336,Receiver details 336,SENDER_ACC_1039,RECEIVER_ACC_2082,REF_336,3280,65.6,EUR,transfer,1,2,2026,6,11,XK,XK
Bank_3,Bank_7,2026-02-06 18:02:00,Sender details 337,Receiver details 337,SENDER_ACC_1008,RECEIVER_ACC_2091,REF_337,1693,33.86,EUR,international,6,2,2026,4,18,FR,IT
Bank_8,Bank_8,2026-02-10 09:14:00,Sender details 338,Receiver details 338,SENDER_ACC_1004,RECEIVER_ACC_2081,REF_338,698,13.96,EUR,cash,10,2,2026,1,9,AL,XK
Bank_2,Bank_1,2026-02-13 08:02:00,Sender details 339,Receiver details 339,SENDER_ACC_1017,RECEIVER_ACC_2046,REF_339,163,3.26,EUR,international,13,2,2026,4,8,FR,AL
Bank_3,Bank_9,2026-02-10 09:35:00,Sender details 340,Receiver details 340,SENDER_ACC_1074,RECEIVER_ACC_2019,REF_340,5568,111.36,EUR,cash,10,2,2026,1,9,FR,DE
Bank_7,Bank_1,2026-02-18 17:19:00,Sender details 341,Receiver details 341,SENDER_ACC_1067,RECEIVER_ACC_2079,REF_341,6591,131.82,EUR,cash,18,2,2026,2,17,AL,IT
Bank_5,Bank_9,2026-02-18 18:37:00,Sender details 342,Receiver details 342,SENDER_ACC_1068,RECEIVER_ACC_2036,REF_342,615,12.3,EUR,transfer,18,2,2026,2,18,AL,DE
Bank_8,Bank_2,2026-02-18 11:02:00,Sender details 343,Receiver details 343,SENDER_ACC_1009,RECEIVER_ACC_2011,REF_343,824,16.48,EUR,cash,18,2,2026,2,11,XK,IT
Bank_3,Bank_3,2026-02-10 13:50:00,Sender details 344,Receiver details 344,SENDER_ACC_1069,RECEIVER_ACC_2015,REF_344,3179,63.58,EUR,transfer,10,2,2026,1,13,XK,IT
Bank_6,Bank_2,2026-02-11 12:01:00,Sender details 345,Receiver details 345,SENDER_ACC_1038,RECEIVER_ACC_2049,REF_345,55,1.1,EUR,cash,11,2,2026,2,12,XK,FR
Bank_4,Bank_5,2026-02-13 14:21:00,Sender details 346,Receiver details 346,SENDER_ACC_1070,RECEIVER_ACC_2086,REF_346,5157,103.14,EUR,cash,13,2,2026,4,14,XK,XK
Bank_4,Bank_4,2026-02-04 11:34:00,Sender details 347,Receiver details 347,SENDER_ACC_1016,RECEIVER_ACC_2039,REF_347,4719,94.38,EUR,cash,4,2,2026,2,11,AL,DE
Bank_9,Bank_5,2026-02-16 11:55:00,Sender details 348,Receiver details 348,SENDER_ACC_1031,RECEIVER_ACC_2013,REF_348,850,17.0,EUR,transfer,16,2,2026,0,11,AL,AL
Bank_4,Bank_4,2026-02-08 10:14:00,Sender details 349,Receiver details 349,SENDER_ACC_1064,RECEIVER_ACC_2049,REF_349,1138,22.76,EUR,international,8,2,2026,6,10,AL,FR
Bank_2,Bank_2,2026-02-11 14:11:00,Sender details 350,Receiver details 350,SENDER_ACC_1024,RECEIVER_ACC_2023,REF_350,5808,116.16,EUR,international,11,2,2026,2,14,IT,IT
Bank_7,Bank_5,2026-02-10 14:42:00,Sender details 351,Receiver details 351,SENDER_ACC_1071,RECEIVER_ACC_2066,REF_351,6675,133.5,EUR,transfer,10,2,2026,1,14,IT,FR
Bank_9,Bank_8,2026-02-12 16:25:00,Sender details 352,Receiver details 352,SENDER_ACC_1090,RECEIVER_ACC_2071,REF_352,2792,55.84,EUR,cash,12,2,2026,3,16,DE,FR
Bank_7,Bank_6,2026-02-12 12:10:00,Sender details 353,Receiver details 353,SENDER_ACC_1073,RECEIVER_ACC_2071,REF_353,5106,102.12,EUR,transfer,12,2,2026,3,12,IT,XK
Bank_10,Bank_5,2026-02-14 16:08:00,Sender details 354,Receiver details 354,SENDER_ACC_1011,RECEIVER_ACC_2060,REF_354,1344,26.88,EUR,international,14,2,2026,5,16,FR,FR
Bank_9,Bank_4,2026-02-07 11:41:00,Sender details 355,Receiver details 355,SENDER_ACC_1004,RECEIVER_ACC_2083,REF_355,271,5.42,EUR,cash,7,2,2026,5,11,FR,AL
Bank_2,Bank_6,2026-02-21 14:21:00,Sender details 356,Receiver details 356,SENDER_ACC_1031,RECEIVER_ACC_2064,REF_356,1077,21.54,EUR,international,21,2,2026,5,14,FR,FR
Bank_10,Bank_7,2026-02-05 10:52:00,Sender details 357,Receiver details 357,SENDER_ACC_1024,RECEIVER_ACC_2074,REF_357,5045,100.9,EUR,international,5,2,2026,3,10,FR,XK
Bank_9,Bank_2,2026-02-12 14:39:00,Sender details 358,Receiver details 358,SENDER_ACC_1013,RECEIVER_ACC_2021,REF_358,1862,37.24,EUR,transfer,12,2,2026,3,14,DE,XK
Bank_10,Bank_5,2026-02-18 17:01:00,Sender details 359,Receiver details 359,SENDER_ACC_1081,RECEIVER_ACC_2001,REF_359,4960,99.2,EUR,international,18,2,2026,2,17,XK,DE
Bank_8,Bank_9,2026-02-17 11:34:00,Sender details 360,Receiver details 360,SENDER_ACC_1019,RECEIVER_ACC_2098,REF_360,3852,77.04,EUR,international,17,2,2026,1,11,FR,AL
Bank_8,Bank_4,2026-02-04 14:29:00,Sender details 361,Receiver details 361,SENDER_ACC_1008,RECEIVER_ACC_2035,REF_361,180,3.6,EUR,transfer,4,2,2026,2,14,DE,AL
Bank_6,Bank_7,2026-02-05 13:31:00,Sender details 362,Receiver details 362,SENDER_ACC_1093,RECEIVER_ACC_2082,REF_362,946,18.92,EUR,cash,5,2,2026,3,13,IT,AL
Bank_5,Bank_9,2026-02-17 09:58:00,Sender details 363,Receiver details 363,SENDER_ACC_1002,RECEIVER_ACC_2010,REF_363,1332,26.64,EUR,international,17,2,2026,1,9,DE,FR
Bank_1,Bank_3,2026-02-03 11:30:00,Sender details 364,Receiver details 364,SENDER_ACC_1002,RECEIVER_ACC_2054,REF_364,844,16.88,EUR,cash,3,2,2026,1,11,AL,FR
Bank_6,Bank_2,2026-02-14 12:33:00,Sender details 365,Receiver details 365,SENDER_ACC_1002,RECEIVER_ACC_2046,REF_365,217,4.34,EUR,transfer,14,2,2026,5,12,FR,IT
Bank_3,Bank_9,2026-02-02 15:21:00,Sender details 366,Receiver details 366,SENDER_ACC_1063,RECEIVER_ACC_2018,REF_366,2395,47.9,EUR,international,2,2,2026,0,15,AL,IT
Bank_2,Bank_4,2026-02-11 15:08:00,Sender details 367,Receiver details 367,SENDER_ACC_1047,RECEIVER_ACC_2073,REF_367,1015,20.3,EUR,transfer,11,2,2026,2,15,IT,IT
Bank_10,Bank_10,2026-02-01 16:16:00,Sender details 368,Receiver details 368,SENDER_ACC_1024,RECEIVER_ACC_2007,REF_368,4815,96.3,EUR,international,1,2,2026,6,16,IT,IT
Bank_2,Bank_6,2026-02-12 08:31:00,Sender details 369,Receiver details 369,SENDER_ACC_1036,RECEIVER_ACC_2013,REF_369,4665,93.3,EUR,international,12,2,2026,3,8,XK,FR
Bank_4,Bank_2,2026-02-11 16:15:00,Sender details 370,Receiver details 370,SENDER_ACC_1051,RECEIVER_ACC_2019,REF_370,5684,113.68,EUR,cash,11,2,2026,2,16,FR,DE
Bank_2,Bank_6,2026-02-19 14:46:00,Sender details 371,Receiver details 371,SENDER_ACC_1031,RECEIVER_ACC_2022,REF_371,147,2.94,EUR,cash,19,2,2026,3,14,FR,AL
Bank_6,Bank_3,2026-02-09 14:56:00,Sender details 372,Receiver details 372,SENDER_ACC_1077,RECEIVER_ACC_2045,REF_372,1887,37.74,EUR,cash,9,2,2026,0,14,XK,XK
Bank_6,Bank_2,2026-02-05 11:07:00,Sender details 373,Receiver details 373,SENDER_ACC_1043,RECEIVER_ACC_2055,REF_373,1056,21.12,EUR,transfer,5,2,2026,3,11,IT,IT
Bank_9,Bank_10,2026-02-14 16:57:00,Sender details 374,Receiver details 374,SENDER_ACC_1053,RECEIVER_ACC_2009,REF_374,6072,121.44,EUR,transfer,14,2,2026,5,16,DE,DE
Bank_8,Bank_1,2026-02-08 09:22:00,Sender details 375,Receiver details 375,SENDER_ACC_1019,RECEIVER_ACC_2056,REF_375,5605,112.1,EUR,transfer,8,2,2026,6,9,FR,XK
Bank_5,Bank_5,2026-02-01 12:01:00,Sender details 376,Receiver details 376,SENDER_ACC_1000,RECEIVER_ACC_2075,REF_376,487,9.74,EUR,international,1,2,2026,6,12,AL,AL
Bank_8,Bank_5,2026-02-16 17:58:00,Sender details 377,Receiver details 377,SENDER_ACC_1004,RECEIVER_ACC_2080,REF_377,1198,23.96,EUR,transfer,16,2,2026,0,17,FR,XK
Bank_10,Bank_4,2026-02-12 15:43:00,Sender details 378,Receiver details 378,SENDER_ACC_1099,RECEIVER_ACC_2002,REF_378,5967,119.34,EUR,cash,12,2,2026,3,15,DE,DE
Bank_5,Bank_1,2026-02-16 13:27:00,Sender details 379,Receiver details 379,SENDER_ACC_1049,RECEIVER_ACC_2089,REF_379,2786,55.72,EUR,cash,16,2,2026,0,13,XK,AL
Bank_9,Bank_9,2026-02-11 16:18:00,Sender details 380,Receiver details 380,SENDER_ACC_1020,RECEIVER_ACC_2060,REF_380,1577,31.54,EUR,cash,11,2,2026,2,16,FR,AL
Bank_4,Bank_2,2026-02-01 15:38:00,Sender details 381,Receiver details 381,SENDER_ACC_1066,RECEIVER_ACC_2008,REF_381,957,19.14,EUR,transfer,1,2,2026,6,15,FR,DE
Bank_10,Bank_9,2026-02-11 11:57:00,Sender details 382,Receiver details 382,SENDER_ACC_1050,RECEIVER_ACC_2003,REF_382,2939,58.78,EUR,cash,11,2,2026,2,11,DE,FR
Bank_5,Bank_8,2026-02-18 12:10:00,Sender details 383,Receiver details 383,SENDER_ACC_1037,RECEIVER_ACC_2012,REF_383,3022,60.44,EUR,cash,18,2,2026,2,12,AL,FR
Bank_10,Bank_9,2026-02-03 13:05:00,Sender details 384,Receiver details 384,SENDER_ACC_1059,RECEIVER_ACC_2024,REF_384,538,10.76,EUR,cash,3,2,2026,1,13,AL,XK
Bank_8,Bank_1,2026-02-13 16:43:00,Sender details 385,Receiver details 385,SENDER_ACC_1078,RECEIVER_ACC_2082,REF_385,3882,77.64,EUR,transfer,13,2,2026,4,16,IT,XK
Bank_5,Bank_5,2026-02-21 14:01:00,Sender details 386,Receiver details 386,SENDER_ACC_1007,RECEIVER_ACC_2078,REF_386,2330,46.6,EUR,cash,21,2,2026,5,14,FR,IT
Bank_2,Bank_8,2026-02-17 12:24:00,Sender details 387,Receiver details 387,SENDER_ACC_1084,RECEIVER_ACC_2032,REF_387,4373,87.46,EUR,transfer,17,2,2026,1,12,XK,XK
Bank_5,Bank_9,2026-02-03 14:22:00,Sender details 388,Receiver details 388,SENDER_ACC_1081,RECEIVER_ACC_2009,REF_388,4354,87.08,EUR,international,3,2,2026,1,14,XK,IT
Bank_1,Bank_1,2026-02-08 18:33:00,Sender details 389,Receiver details 389,SENDER_ACC_1059,RECEIVER_ACC_2097,REF_389,5599,111.98,EUR,cash,8,2,2026,6,18,AL,DE
Bank_4,Bank_5,2026-02-04 12:04:00,Sender details 390,Receiver details 390,SENDER_ACC_1078,RECEIVER_ACC_2029,REF_390,5751,115.02,EUR,cash,4,2,2026,2,12,DE,XK
Bank_4,Bank_10,2026-02-14 13:05:00,Sender details 391,Receiver details 391,SENDER_ACC_1044,RECEIVER_ACC_2075,REF_391,3601,72.02,EUR,cash,14,2,2026,5,13,DE,XK
Bank_3,Bank_10,2026-02-14 10:57:00,Sender details 392,Receiver details 392,SENDER_ACC_1033,RECEIVER_ACC_2068,REF_392,4074,81.48,EUR,international,14,2,2026,5,10,XK,DE
Bank_6,Bank_2,2026-02-18 16:06:00,Sender details 393,Receiver details 393,SENDER_ACC_1016,RECEIVER_ACC_2002,REF_393,1126,22.52,EUR,international,18,2,2026,2,16,IT,FR
Bank_8,Bank_1,2026-02-11 13:00:00,Sender details 394,Receiver details 394,SENDER_ACC_1069,RECEIVER_ACC_2016,REF_394,5138,102.76,EUR,international,11,2,2026,2,13,AL,IT
Bank_7,Bank_1,2026-02-14 14:44:00,Sender details 395,Receiver details 395,SENDER_ACC_1022,RECEIVER_ACC_2065,REF_395,4971,99.42,EUR,transfer,14,2,2026,5,14,AL,FR
Bank_6,Bank_6,2026-02-10 18:14:00,Sender details 396,Receiver details 396,SENDER_ACC_1085,RECEIVER_ACC_2031,REF_396,2089,41.78,EUR,transfer,10,2,2026,1,18,AL,FR
Bank_9,Bank_9,2026-02-20 11:47:00,Sender details 397,Receiver details 397,SENDER_ACC_1019,RECEIVER_ACC_2092,REF_397,6590,131.8,EUR,transfer,20,2,2026,4,11,IT,FR
Bank_7,Bank_4,2026-02-16 12:31:00,Sender details 398,Receiver details 398,SENDER_ACC_1013,RECEIVER_ACC_2042,REF_398,5240,104.8,EUR,transfer,16,2,2026,0,12,XK,IT
Bank_6,Bank_8,2026-02-07 10:04:00,Sender details 399,Receiver details 399,SENDER_ACC_1022,RECEIVER_ACC_2012,REF_399,6338,126.76,EUR,cash,7,2,2026,5,10,AL,FR
Bank_9,Bank_1,2026-02-02 14:01:00,Sender details 400,Receiver details 400,SENDER_ACC_1069,RECEIVER_ACC_2007,REF_400,1293,25.86,EUR,international,2,2,2026,0,14,XK,DE
Bank_2,Bank_10,2026-02-20 16:19:00,Sender details 401,Receiver details 401,SENDER_ACC_1040,RECEIVER_ACC_2002,REF_401,5348,106.96,EUR,cash,20,2,2026,4,16,XK,AL
Bank_7,Bank_4,2026-02-16 16:24:00,Sender details 402,Receiver details 402,SENDER_ACC_1077,RECEIVER_ACC_2068,REF_402,5644,112.88,EUR,transfer,16,2,2026,0,16,FR,IT
Bank_4,Bank_9,2026-02-09 13:50:00,Sender details 403,Receiver details 403,SENDER_ACC_1000,RECEIVER_ACC_2096,REF_403,2811,56.22,EUR,transfer,9,2,2026,0,13,IT,XK
Bank_4,Bank_7,2026-02-09 14:07:00,Sender details 404,Receiver details 404,SENDER_ACC_1066,RECEIVER_ACC_2012,REF_404,541,10.82,EUR,international,9,2,2026,0,14,XK,AL
Bank_5,Bank_10,2026-02-07 13:15:00,Sender details 405,Receiver details 405,SENDER_ACC_1032,RECEIVER_ACC_2002,REF_405,2823,56.46,EUR,international,7,2,2026,5,13,XK,FR
Bank_6,Bank_6,2026-02-05 16:38:00,Sender details 406,Receiver details 406,SENDER_ACC_1055,RECEIVER_ACC_2037,REF_406,2335,46.7,EUR,international,5,2,2026,3,16,DE,XK
Bank_9,Bank_3,2026-02-20 18:22:00,Sender details 407,Receiver details 407,SENDER_ACC_1008,RECEIVER_ACC_2041,REF_407,2771,55.42,EUR,international,20,2,2026,4,18,IT,FR
Bank_8,Bank_3,2026-02-12 11:58:00,Sender details 408,Receiver details 408,SENDER_ACC_1003,RECEIVER_ACC_2085,REF_408,4143,82.86,EUR,transfer,12,2,2026,3,11,DE,XK
Bank_10,Bank_8,2026-02-01 14:24:00,Sender details 409,Receiver details 409,SENDER_ACC_1027,RECEIVER_ACC_2064,REF_409,126,2.52,EUR,transfer,1,2,2026,6,14,AL,XK
Bank_6,Bank_2,2026-02-06 18:58:00,Sender details 410,Receiver details 410,SENDER_ACC_1096,RECEIVER_ACC_2063,REF_410,4240,84.8,EUR,cash,6,2,2026,4,18,FR,DE
Bank_5,Bank_3,2026-02-02 09:07:00,Sender details 411,Receiver details 411,SENDER_ACC_1084,RECEIVER_ACC_2011,REF_411,3895,77.9,EUR,transfer,2,2,2026,0,9,IT,XK
Bank_5,Bank_10,2026-02-14 16:52:00,Sender details 412,Receiver details 412,SENDER_ACC_1034,RECEIVER_ACC_2091,REF_412,3424,68.48,EUR,cash,14,2,2026,5,16,FR,IT
Bank_3,Bank_4,2026-02-18 09:04:00,Sender details 413,Receiver details 413,SENDER_ACC_1055,RECEIVER_ACC_2097,REF_413,771,15.42,EUR,international,18,2,2026,2,9,XK,IT
Bank_7,Bank_9,2026-02-07 11:57:00,Sender details 414,Receiver details 414,SENDER_ACC_1043,RECEIVER_ACC_2087,REF_414,4633,92.66,EUR,transfer,7,2,2026,5,11,XK,IT
Bank_4,Bank_8,2026-02-11 08:38:00,Sender details 415,Receiver details 415,SENDER_ACC_1013,RECEIVER_ACC_2063,REF_415,909,18.18,EUR,cash,11,2,2026,2,8,XK,AL
Bank_10,Bank_4,2026-02-03 17:36:00,Sender details 416,Receiver details 416,SENDER_ACC_1091,RECEIVER_ACC_2044,REF_416,114,2.28,EUR,international,3,2,2026,1,17,DE,IT
Bank_4,Bank_3,2026-02-20 08:45:00,Sender details 417,Receiver details 417,SENDER_ACC_1065,RECEIVER_ACC_2099,REF_417,1586,31.72,EUR,international,20,2,2026,4,8,AL,DE
Bank_3,Bank_5,2026-02-08 14:58:00,Sender details 418,Receiver details 418,SENDER_ACC_1007,RECEIVER_ACC_2053,REF_418,2142,42.84,EUR,international,8,2,2026,6,14,IT,DE
Bank_10,Bank_7,2026-02-21 10:20:00,Sender details 419,Receiver details 419,SENDER_ACC_1088,RECEIVER_ACC_2091,REF_419,662,13.24,EUR,international,21,2,2026,5,10,AL,IT
Bank_4,Bank_7,2026-02-06 09:16:00,Sender details 420,Receiver details 420,SENDER_ACC_1087,RECEIVER_ACC_2030,REF_420,4407,88.14,EUR,cash,6,2,2026,4,9,IT,FR
Bank_5,Bank_9,2026-02-16 16:46:00,Sender details 421,Receiver details 421,SENDER_ACC_1026,RECEIVER_ACC_2097,REF_421,4203,84.06,EUR,transfer,16,2,2026,0,16,FR,AL
Bank_8,Bank_1,2026-02-04 18:41:00,Sender details 422,Receiver details 422,SENDER_ACC_1046,RECEIVER_ACC_2012,REF_422,4762,95.24,EUR,international,4,2,2026,2,18,IT,XK
Bank_3,Bank_9,2026-02-18 18:23:00,Sender details 423,Receiver details 423,SENDER_ACC_1063,RECEIVER_ACC_2086,REF_423,6830,136.6,EUR,transfer,18,2,2026,2,18,DE,FR
Bank_1,Bank_6,2026-02-07 13:22:00,Sender details 424,Receiver details 424,SENDER_ACC_1007,RECEIVER_ACC_2057,REF_424,4056,81.12,EUR,transfer,7,2,2026,5,13,FR,AL
Bank_2,Bank_3,2026-02-08 14:51:00,Sender details 425,Receiver details 425,SENDER_ACC_1016,RECEIVER_ACC_2018,REF_425,3818,76.36,EUR,international,8,2,2026,6,14,IT,AL
Bank_8,Bank_9,2026-02-20 18:59:00,Sender details 426,Receiver details 426,SENDER_ACC_1086,RECEIVER_ACC_2031,REF_426,1774,35.48,EUR,cash,20,2,2026,4,18,IT,FR
Bank_9,Bank_10,2026-02-20 15:47:00,Sender details 427,Receiver details 427,SENDER_ACC_1027,RECEIVER_ACC_2069,REF_427,6368,127.36,EUR,transfer,20,2,2026,4,15,DE,FR
Bank_5,Bank_5,2026-02-05 08:18:00,Sender details 428,Receiver details 428,SENDER_ACC_1066,RECEIVER_ACC_2080,REF_428,6579,131.58,EUR,transfer,5,2,2026,3,8,DE,XK
Bank_5,Bank_6,2026-02-08 09:41:00,Sender details 429,Receiver details 429,SENDER_ACC_1048,RECEIVER_ACC_2034,REF_429,529,10.58,EUR,transfer,8,2,2026,6,9,FR,XK
Bank_5,Bank_1,2026-02-02 09:22:00,Sender details 430,Receiver details 430,SENDER_ACC_1088,RECEIVER_ACC_2064,REF_430,6762,135.24,EUR,cash,2,2,2026,0,9,AL,IT
Bank_5,Bank_8,2026-02-18 13:20:00,Sender details 431,Receiver details 431,SENDER_ACC_1012,RECEIVER_ACC_2060,REF_431,4353,87.06,EUR,international,18,2,2026,2,13,DE,FR
Bank_1,Bank_6,2026-02-18 09:31:00,Sender details 432,Receiver details 432,SENDER_ACC_1088,RECEIVER_ACC_2064,REF_432,235,4.7,EUR,transfer,18,2,2026,2,9,FR,DE
Bank_6,Bank_6,2026-02-12 15:03:00,Sender details 433,Receiver details 433,SENDER_ACC_1048,RECEIVER_ACC_2013,REF_433,6262,125.24,EUR,cash,12,2,2026,3,15,FR,FR
Bank_3,Bank_3,2026-02-17 15:52:00,Sender details 434,Receiver details 434,SENDER_ACC_1029,RECEIVER_ACC_2077,REF_434,1004,20.08,EUR,cash,17,2,2026,1,15,DE,XK
Bank_2,Bank_2,2026-02-10 11:31:00,Sender details 435,Receiver details 435,SENDER_ACC_1039,RECEIVER_ACC_2074,REF_435,5937,118.74,EUR,transfer,10,2,2026,1,11,DE,XK
Bank_8,Bank_4,2026-02-03 16:34:00,Sender details 436,Receiver details 436,SENDER_ACC_1000,RECEIVER_ACC_2007,REF_436,2773,55.46,EUR,international,3,2,2026,1,16,IT,AL
Bank_2,Bank_1,2026-02-21 10:10:00,Sender details 437,Receiver details 437,SENDER_ACC_1039,RECEIVER_ACC_2049,REF_437,1449,28.98,EUR,international,21,2,2026,5,10,DE,DE
Bank_5,Bank_2,2026-02-20 17:43:00,Sender details 438,Receiver details 438,SENDER_ACC_1026,RECEIVER_ACC_2069,REF_438,6129,122.58,EUR,international,20,2,2026,4,17,DE,FR
Bank_5,Bank_5,2026-02-21 14:33:00,Sender details 439,Receiver details 439,SENDER_ACC_1035,RECEIVER_ACC_2098,REF_439,1767,35.34,EUR,international,21,2,2026,5,14,XK,DE
Bank_7,Bank_1,2026-02-10 12:19:00,Sender details 440,Receiver details 440,SENDER_ACC_1044,RECEIVER_ACC_2040,REF_440,6556,131.12,EUR,cash,10,2,2026,1,12,IT,IT
Bank_7,Bank_9,2026-02-08 15:23:00,Sender details 441,Receiver details 441,SENDER_ACC_1068,RECEIVER_ACC_2016,REF_441,248,4.96,EUR,international,8,2,2026,6,15,IT,XK
Bank_1,Bank_9,2026-02-04 08:00:00,Sender details 442,Receiver details 442,SENDER_ACC_1087,RECEIVER_ACC_2021,REF_442,3437,68.74,EUR,transfer,4,2,2026,2,8,DE,XK
Bank_9,Bank_1,2026-02-12 11:17:00,Sender details 443,Receiver details 443,SENDER_ACC_1038,RECEIVER_ACC_2012,REF_443,1656,33.12,EUR,transfer,12,2,2026,3,11,XK,AL
Bank_3,Bank_4,2026-02-10 08:28:00,Sender details 444,Receiver details 444,SENDER_ACC_1019,RECEIVER_ACC_2067,REF_444,1797,35.94,EUR,cash,10,2,2026,1,8,AL,FR
Bank_6,Bank_9,2026-02-02 13:00:00,Sender details 445,Receiver details 445,SENDER_ACC_1037,RECEIVER_ACC_2069,REF_445,56,1.12,EUR,transfer,2,2,2026,0,13,IT,IT
Bank_1,Bank_4,2026-02-02 14:15:00,Sender details 446,Receiver details 446,SENDER_ACC_1019,RECEIVER_ACC_2015,REF_446,2171,43.42,EUR,international,2,2,2026,0,14,FR,DE
Bank_1,Bank_2,2026-02-21 12:14:00,Sender details 447,Receiver details 447,SENDER_ACC_1090,RECEIVER_ACC_2013,REF_447,2027,40.54,EUR,cash,21,2,2026,5,12,DE,FR
Bank_9,Bank_10,2026-02-19 18:58:00,Sender details 448,Receiver details 448,SENDER_ACC_1072,RECEIVER_ACC_2014,REF_448,3408,68.16,EUR,international,19,2,2026,3,18,DE,XK
Bank_5,Bank_8,2026-02-09 08:33:00,Sender details 449,Receiver details 449,SENDER_ACC_1000,RECEIVER_ACC_2029,REF_449,2958,59.16,EUR,international,9,2,2026,0,8,IT,FR
Bank_10,Bank_3,2026-02-08 10:11:00,Sender details 450,Receiver details 450,SENDER_ACC_1075,RECEIVER_ACC_2053,REF_450,4770,95.4,EUR,transfer,8,2,2026,6,10,AL,FR
Bank_5,Bank_1,2026-02-01 13:28:00,Sender details 451,Receiver details 451,SENDER_ACC_1082,RECEIVER_ACC_2090,REF_451,2183,43.66,EUR,transfer,1,2,2026,6,13,XK,XK
Bank_5,Bank_8,2026-02-08 12:13:00,Sender details 452,Receiver details 452,SENDER_ACC_1070,RECEIVER_ACC_2003,REF_452,2790,55.8,EUR,transfer,8,2,2026,6,12,IT,AL
Bank_6,Bank_9,2026-02-11 13:54:00,Sender details 453,Receiver details 453,SENDER_ACC_1047,RECEIVER_ACC_2042,REF_453,4602,92.04,EUR,cash,11,2,2026,2,13,XK,FR
Bank_8,Bank_3,2026-02-07 14:17:00,Sender details 454,Receiver details 454,SENDER_ACC_1070,RECEIVER_ACC_2025,REF_454,3219,64.38,EUR,transfer,7,2,2026,5,14,AL,IT
Bank_5,Bank_9,2026-02-04 16:29:00,Sender details 455,Receiver details 455,SENDER_ACC_1020,RECEIVER_ACC_2089,REF_455,3297,65.94,EUR,transfer,4,2,2026,2,16,IT,DE
Bank_4,Bank_6,2026-02-10 12:40:00,Sender details 456,Receiver details 456,SENDER_ACC_1041,RECEIVER_ACC_2006,REF_456,5501,110.02,EUR,transfer,10,2,2026,1,12,IT,IT
Bank_6,Bank_10,2026-02-14 17:42:00,Sender details 457,Receiver details 457,SENDER_ACC_1077,RECEIVER_ACC_2020,REF_457,4025,80.5,EUR,international,14,2,2026,5,17,DE,XK
Bank_1,Bank_7,2026-02-01 17:39:00,Sender details 458,Receiver details 458,SENDER_ACC_1018,RECEIVER_ACC_2096,REF_458,1691,33.82,EUR,cash,1,2,2026,6,17,DE,IT
Bank_7,Bank_1,2026-02-13 10:21:00,Sender details 459,Receiver details 459,SENDER_ACC_1021,RECEIVER_ACC_2082,REF_459,3315,66.3,EUR,cash,13,2,2026,4,10,IT,FR
Bank_4,Bank_2,2026-02-20 18:01:00,Sender details 460,Receiver details 460,SENDER_ACC_1086,RECEIVER_ACC_2046,REF_460,556,11.12,EUR,transfer,20,2,2026,4,18,DE,DE
Bank_5,Bank_6,2026-02-20 09:26:00,Sender details 461,Receiver details 461,SENDER_ACC_1058,RECEIVER_ACC_2053,REF_461,228,4.56,EUR,cash,20,2,2026,4,9,XK,FR
Bank_9,Bank_9,2026-02-20 12:55:00,Sender details 462,Receiver details 462,SENDER_ACC_1021,RECEIVER_ACC_2024,REF_462,5117,102.34,EUR,cash,20,2,2026,4,12,FR,IT
Bank_4,Bank_6,2026-02-21 12:51:00,Sender details 463,Receiver details 463,SENDER_ACC_1000,RECEIVER_ACC_2027,REF_463,4043,80.86,EUR,international,21,2,2026,5,12,XK,XK
Bank_2,Bank_7,2026-02-16 13:49:00,Sender details 464,Receiver details 464,SENDER_ACC_1041,RECEIVER_ACC_2093,REF_464,1083,21.66,EUR,international,16,2,2026,0,13,IT,DE
Bank_5,Bank_1,2026-02-09 17:38:00,Sender details 465,Receiver details 465,SENDER_ACC_1050,RECEIVER_ACC_2019,REF_465,6806,136.12,EUR,transfer,9,2,2026,0,17,IT,XK
Bank_2,Bank_8,2026-02-16 17:22:00,Sender details 466,Receiver details 466,SENDER_ACC_1029,RECEIVER_ACC_2005,REF_466,6691,133.82,EUR,cash,16,2,2026,0,17,IT,FR
Bank_1,Bank_4,2026-02-05 16:01:00,Sender details 467,Receiver details 467,SENDER_ACC_1001,RECEIVER_ACC_2021,REF_467,1851,37.02,EUR,transfer,5,2,2026,3,16,DE,FR
Bank_2,Bank_5,2026-02-19 18:15:00,Sender details 468,Receiver details 468,SENDER_ACC_1031,RECEIVER_ACC_2058,REF_468,3926,78.52,EUR,international,19,2,2026,3,18,IT,AL
Bank_4,Bank_7,2026-02-12 18:22:00,Sender details 469,Receiver details 469,SENDER_ACC_1061,RECEIVER_ACC_2069,REF_469,4109,82.18,EUR,cash,12,2,2026,3,18,DE,AL
Bank_10,Bank_10,2026-02-03 16:54:00,Sender details 470,Receiver details 470,SENDER_ACC_1027,RECEIVER_ACC_2042,REF_470,278,5.56,EUR,transfer,3,2,2026,1,16,FR,IT
Bank_6,Bank_8,2026-02-07 10:36:00,Sender details 471,Receiver details 471,SENDER_ACC_1092,RECEIVER_ACC_2060,REF_471,1424,28.48,EUR,transfer,7,2,2026,5,10,XK,FR
Bank_6,Bank_4,2026-02-05 12:39:00,Sender details 472,Receiver details 472,SENDER_ACC_1031,RECEIVER_ACC_2034,REF_472,3542,70.84,EUR,cash,5,2,2026,3,12,DE,FR
Bank_10,Bank_9,2026-02-05 13:07:00,Sender details 473,Receiver details 473,SENDER_ACC_1078,RECEIVER_ACC_2072,REF_473,2385,47.7,EUR,international,5,2,2026,3,13,DE,IT
Bank_4,Bank_4,2026-02-06 17:08:00,Sender details 474,Receiver details 474,SENDER_ACC_1010,RECEIVER_ACC_2097,REF_474,4302,86.04,EUR,cash,6,2,2026,4,17,DE,AL
Bank_8,Bank_4,2026-02-10 15:38:00,Sender details 475,Receiver details 475,SENDER_ACC_1027,RECEIVER_ACC_2100,REF_475,3594,71.88,EUR,transfer,10,2,2026,1,15,IT,FR
Bank_2,Bank_2,2026-02-14 10:07:00,Sender details 476,Receiver details 476,SENDER_ACC_1004,RECEIVER_ACC_2087,REF_476,6451,129.02,EUR,international,14,2,2026,5,10,AL,DE
Bank_10,Bank_3,2026-02-12 10:22:00,Sender details 477,Receiver details 477,SENDER_ACC_1040,RECEIVER_ACC_2026,REF_477,4110,82.2,EUR,international,12,2,2026,3,10,XK,FR
Bank_2,Bank_5,2026-02-18 14:31:00,Sender details 478,Receiver details 478,SENDER_ACC_1071,RECEIVER_ACC_2076,REF_478,3209,64.18,EUR,international,18,2,2026,2,14,IT,DE
Bank_10,Bank_10,2026-02-12 14:14:00,Sender details 479,Receiver details 479,SENDER_ACC_1058,RECEIVER_ACC_2089,REF_479,5004,100.08,EUR,transfer,12,2,2026,3,14,AL,AL
Bank_4,Bank_4,2026-02-18 17:32:00,Sender details 480,Receiver details 480,SENDER_ACC_1100,RECEIVER_ACC_2062,REF_480,6733,134.66,EUR,transfer,18,2,2026,2,17,AL,AL
Bank_3,Bank_3,2026-02-04 09:01:00,Sender details 481,Receiver details 481,SENDER_ACC_1005,RECEIVER_ACC_2082,REF_481,6629,132.58,EUR,international,4,2,2026,2,9,FR,AL
Bank_7,Bank_3,2026-02-14 15:43:00,Sender details 482,Receiver details 482,SENDER_ACC_1039,RECEIVER_ACC_2001,REF_482,5486,109.72,EUR,international,14,2,2026,5,15,FR,AL
Bank_5,Bank_9,2026-02-16 12:53:00,Sender details 483,Receiver details 483,SENDER_ACC_1015,RECEIVER_ACC_2024,REF_483,1656,33.12,EUR,cash,16,2,2026,0,12,IT,XK
Bank_9,Bank_3,2026-02-08 15:41:00,Sender details 484,Receiver details 484,SENDER_ACC_1036,RECEIVER_ACC_2090,REF_484,5158,103.16,EUR,transfer,8,2,2026,6,15,XK,AL
Bank_8,Bank_1,2026-02-19 18:37:00,Sender details 485,Receiver details 485,SENDER_ACC_1032,RECEIVER_ACC_2059,REF_485,4863,97.26,EUR,transfer,19,2,2026,3,18,IT,FR
Bank_2,Bank_5,2026-02-01 17:21:00,Sender details 486,Receiver details 486,SENDER_ACC_1018,RECEIVER_ACC_2024,REF_486,2287,45.74,EUR,transfer,1,2,2026,6,17,XK,FR
Bank_4,Bank_1,2026-02-05 09:40:00,Sender details 487,Receiver details 487,SENDER_ACC_1076,RECEIVER_ACC_2020,REF_487,5506,110.12,EUR,cash,5,2,2026,3,9,IT,DE
Bank_1,Bank_6,2026-02-06 13:15:00,Sender details 488,Receiver details 488,SENDER_ACC_1009,RECEIVER_ACC_2002,REF_488,6642,132.84,EUR,international,6,2,2026,4,13,XK,FR
Bank_6,Bank_8,2026-02-17 08:09:00,Sender details 489,Receiver details 489,SENDER_ACC_1095,RECEIVER_ACC_2093,REF_489,5390,107.8,EUR,international,17,2,2026,1,8,DE,IT
Bank_9,Bank_4,2026-02-20 11:23:00,Sender details 490,Receiver details 490,SENDER_ACC_1044,RECEIVER_ACC_2033,REF_490,3261,65.22,EUR,transfer,20,2,2026,4,11,DE,XK
Bank_7,Bank_9,2026-02-05 17:08:00,Sender details 491,Receiver details 491,SENDER_ACC_1093,RECEIVER_ACC_2080,REF_491,1580,31.6,EUR,cash,5,2,2026,3,17,DE,XK
Bank_4,Bank_6,2026-02-04 11:46:00,Sender details 492,Receiver details 492,SENDER_ACC_1095,RECEIVER_ACC_2008,REF_492,51,1.02,EUR,cash,4,2,2026,2,11,DE,AL
Bank_7,Bank_2,2026-02-15 09:53:00,Sender details 493,Receiver details 493,SENDER_ACC_1013,RECEIVER_ACC_2066,REF_493,2978,59.56,EUR,international,15,2,2026,6,9,FR,AL
Bank_2,Bank_8,2026-02-18 15:59:00,Sender details 494,Receiver details 494,SENDER_ACC_1093,RECEIVER_ACC_2033,REF_494,305,6.1,EUR,international,18,2,2026,2,15,FR,DE
Bank_6,Bank_5,2026-02-17 09:37:00,Sender details 495,Receiver details 495,SENDER_ACC_1076,RECEIVER_ACC_2024,REF_495,3459,69.18,EUR,cash,17,2,2026,1,9,FR,DE
Bank_4,Bank_4,2026-02-15 17:52:00,Sender details 496,Receiver details 496,SENDER_ACC_1059,RECEIVER_ACC_2091,REF_496,6742,134.84,EUR,international,15,2,2026,6,17,FR,AL
Bank_9,Bank_4,2026-02-03 17:55:00,Sender details 497,Receiver details 497,SENDER_ACC_1047,RECEIVER_ACC_2002,REF_497,6336,126.72,EUR,transfer,3,2,2026,1,17,IT,XK
Bank_5,Bank_2,2026-02-06 16:22:00,Sender details 498,Receiver details 498,SENDER_ACC_1001,RECEIVER_ACC_2007,REF_498,4556,91.12,EUR,transfer,6,2,2026,4,16,DE,FR
Bank_10,Bank_1,2026-02-21 13:07:00,Sender details 499,Receiver details 499,SENDER_ACC_1087,RECEIVER_ACC_2050,REF_499,6137,122.74,EUR,transfer,21,2,2026,5,13,IT,DE
